Year,Division,Horse,OverallPlacing,HighestLevel,CDI,USDFNumber,OverallScore
2002,FEI5,Rosabella,1,Third Level,No,37232,7.840
2002,FEI5,Favereux,2,Grand Prix,No,38714,7.680
2002,FEI5,Devon,3,Third Level,No,38984,7.420
2002,FEI5,Welfenstein,4,Grand Prix,Yes,40474,7.140
2002,FEI5,R-tistik,5,Grand Prix,Yes,37123,7.100
2002,FEI5,Pampero,6,FEI 5 Year Old,No,41386,6.820
2002,FEI6,Oleander,1,Grand Prix,Yes,35062,8.240
2002,FEI6,Freestyle,2,Prix St. Georges,No,39380,7.400
2002,FEI6,Wincenzo,3,Prix St. Georges,No,1026740,7.000
2002,FEI6,Olympus,4,Grand Prix,Yes,42683,6.860
2003,FEI5,Beemer,1,Grand Prix,Yes,1003181,8.620
2003,FEI5,Remy Martin,2,Fourth Level,No,47167,8.520
2003,FEI6,Fabrice S,1,Grand Prix,Yes,42782,8.320
2003,FEI6,Persimmon ISF,2,Prix St. Georges,Yes,38459,7.840
2004,FEI5,Royal Prince,1,Prix St. Georges,No,1016896,9.140
2004,FEI5,Sir Sinclair,2,Prix St. Georges,No,1015413,8.260
2004,FEI5,Donnervogel,3,I-2,Yes,1008832,7.900
2004,FEI5,Saint Simon,4,I-1,No,37280,7.460
2004,FEI5,Savanna,5,Grand Prix,No,1013602,7.440
2004,FEI5,Silverado,6,Prix St. Georges,No,38639,6.900
2004,FEI5,Leiden,7,I-1,No,1016253,6.860
2004,FEI5,Remy Martin,8,Prix St. Georges,No,1016635,6.780
2004,FEI5,Rossini M,8,Fourth Level,No,1004663,6.780
2004,FEI5,Wylie Q,10,Prix St. Georges,No,44283,6.700
2004,FEI5,Rubens de Mesille,11,Prix St. Georges,No,1020047,6.580
2004,FEI5,Superstarr,12,I-2,Yes,1018249,6.540
2004,FEI5,Ventura,13,Prix St. Georges,No,40548,6.460
2004,FEI5,Heroico Pequeno,14,Second Level,No,1017693,6.440
2004,FEI5,Ferragamma,15,FEI 5 Year Old,No,1002537,6.420
2004,FEI5,Commonwealth TRF,16,I-1,Yes,33840,6.400
2004,FEI5,Finnegan,17,Prix St. Georges,No,37180,6.220
2004,FEI5,Cacique,18,I-1,Yes,1007175,5.940
2004,FEI6,Revolution,1,I-1,No,37164,7.480
2004,FEI6,Rykaard,2,I-1,Yes,43275,7.460
2004,FEI6,Rhythm,3,Prix St. Georges,No,44257,7.280
2004,FEI6,Romantic,4,Grand Prix,Yes,1016261,7.240
2004,FEI6,Raison d'Etre,5,Grand Prix,Yes,40681,7.220
2004,FEI6,Cordobino,6,I-1,Yes,1018208,6.960
2004,FEI6,Rumor,7,Third Level,No,1011616,6.900
2004,FEI6,Rachmaninoff,8,Grand Prix,Yes,1005052,6.880
2004,FEI6,Rakker,8,Grand Prix,Yes,1001734,6.880
2004,FEI6,Famos,10,Prix St. Georges,No,1009049,6.840
2004,FEI6,Pam-A-Lam,11,I-1,No,44357,6.800
2004,FEI6,Favory VI Bellanna,12,Prix St. Georges,No,1008422,6.740
2004,FEI6,Favory VII Andorella,13,I-1,No,1008421,6.680
2004,FEI6,Cameron de Mesille,14,Prix St. Georges,No,1001985,6.580
2004,FEI6,Caletino,15,FEI 6 Year Old,No,47196,5.800
2005,FEI5,Currency DC,1,Grand Prix,Yes,1035693,8.356
2005,FEI5,Grand Makana,2,Grand Prix,Yes,1015161,7.832
2005,FEI5,Brigadier,3,I-1,Yes,39969,7.620
2005,FEI5,Cash Confetti,4,Third Level,No,46742,7.572
2005,FEI5,Wolkenwand,5,Grand Prix,No,1019513,7.444
2005,FEI5,Pacino,6,Grand Prix,Yes,40947,7.440
2005,FEI5,Catapult,7,Grand Prix,Yes,1011519,7.348
2005,FEI5,Carreras,8,Prix St. Georges,No,1039798,7.292
2005,FEI5,Laural,9,Fourth Level,No,44895,7.136
2005,FEI5,Twilight,10,Prix St. Georges,No,1013083,7.128
2005,FEI5,Carnegie,11,I-1,Yes,39789,7.116
2005,FEI5,Florian,12,FEI 5 Year Old,No,1027982,7.084
2005,FEI5,Double Entendre,13,Second Level,No,1023695,6.860
2005,FEI6,Sir Sinclair,1,Prix St. Georges,No,1015413,8.452
2005,FEI6,Fino,2,I-1,Yes,1020034,8.236
2005,FEI6,Golden Choice DC,3,Grand Prix,Yes,1016898,8.220
2005,FEI6,Don Principe,4,Grand Prix,Yes,1033231,7.872
2005,FEI6,Superman,5,Grand Prix,Yes,1025218,7.768
2005,FEI6,Savanna,6,Grand Prix,No,1013602,7.580
2005,FEI6,Rossini M,7,Fourth Level,No,1004663,7.572
2005,FEI6,Raphoni-Solyst,8,Fourth Level,No,1034884,7.540
2005,FEI6,Dark Dream,9,Fourth Level,No,1024951,7.192
2005,FEI6,Saint Simmon,10,I-1,No,37280,7.032
2005,FEI6,Staccato,11,I-1,No,38395,6.776
2005,FEI6,Savant,12,Prix St. Georges,No,1006243,6.680
2005,FEI6,Cacique,13,I-1,Yes,1007175,6.104
2006,FEI6,Catapult,1,Grand Prix,Yes,1011519,7.956
2006,FEI6,Brigadier,1,I-1,Yes,39969,7.956
2006,FEI6,Cobra,3,Prix St. Georges,No,1038443,7.636
2006,FEI6,Ghambade,4,Grand Prix,No,39135,7.280
2006,FEI6,Tap Dance,5,Prix St. Georges,No,1045200,7.244
2006,FEI6,Starlight Express,6,Fourth Level,No,1030587,7.196
2006,FEI6,Lullaby,7,I-1,No,1043482,7.016
2006,FEI6,Carnegie,8,I-1,Yes,39789,6.880
2006,FEI6,Tacolando Triple R,9,Prix St. Georges,No,1015498,6.8270
2006,FEI6,Twilight,10,Prix St. Georges,No,1013083,6.616
2006,FEI6,Wolkenwand,11,Grand Prix,No,1019513,6.516
2006,FEI6,Talent,12,Grand Prix,Yes,1019399,6.256
2006,FEI5,Up to Date,1,I-1,No,43689,8.450
2006,FEI5,Gisele,2,Fourth Level,No,1048833,8.400
2006,FEI5,Roter Milan,3,Grand Prix,Yes,1037498,7.884
2006,FEI5,Unitas,4,Grand Prix,Yes,1032242,7.872
2006,FEI5,Harmony's FX,5,I-1,No,1039669,7.832
2006,FEI5,Donnermuth,6,Prix St. Georges,No,1029497,7.700
2006,FEI5,Donates,7,I-2,Yes,1019322,7.640
2006,FEI5,Mix Max,8,Third Level,No,1025834,7.628
2006,FEI5,Leopold Q,9,Grand Prix,Yes,1031405,7.520
2006,FEI5,Eeltsje F,10,Grand Prix,No,1044103,7.480
2006,FEI5,Donarweiss GGF,11,Grand Prix,Yes,41002,7.432
2006,FEI5,Redford,12,I-2,No,1028940,7.348
2006,FEI5,S Infinity,13,I-2,Yes,1024407,7.00
2006,USEF4,BW-Callista,1,Prix St. Georges,No,44921,9.000
2006,USEF4,Roccoca WF,2,FEI 6 Year Old,No,1047389,8.700
2006,USEF4,Faulkner,3,I-B,Yes,1044238,8.600
2006,USEF4,Fedora,4,Second Level,No,44344,8.060
2006,USEF4,Quno,5,I-1,No,1045522,7.720
2006,USEF4,Froelich,6,Grand Prix,No,45334,7.540
2006,USEF4,Vivaldi-V,7,I-1,No,1041299,7.520
2006,USEF4,Solaris Hit,8,FEI Junior,No,1049161,7.500
2006,USEF4,Calimar,9,Grand Prix,Yes,47128,7.360
2006,USEF4,Ready or Not,10,I-1,No,1045678,7.300
2006,USEF4,Fivestar,11,Fourth Level,No,1049168,7.240
2006,USEF4,Labadia,12,USEF 4 Year Old,No,1049188,7.180
2006,USEF4,Raison de Joie,13,Fourth Level,No,1022443,7.160
2006,USEF4,Last Call,14,FEI 6 Year Old,No,1044206,7.100
2006,USEF4,Vega,15,Prix St. Georges,No,1047877,7.020
2006,USEF4,Flamboyant,16,USEF 4 Year Old,No,1021798,6.500
2006,USEF4,V-Frolik,17,Prix St. Georges,No,1042636,6.420
2007,DHPSG,Don Angelo,1,Grand Prix,Yes,1043373,70.000
2007,DHPSG,Come On II,2,Grand Prix,Yes,1043143,68.250
2007,DHPSG,Don Principe,4,Grand Prix,Yes,1033231,66.919
2007,DHPSG,Sandor,3,Grand Prix,Yes,1016724,66.917
2007,DHPSG,Farinelli,5,Grand Prix,Yes,1043152,65.917
2007,DHPSG,D'Artagnan,6,Grand Prix,No,1027759,64.417
2007,DHPSG,Toscano,7,Grand Prix,Yes,1056132,64.167
2007,DHPSG,Rykaard,8,I-1,Yes,43275,63.083
2007,DHPSG,Lullaby,9,I-1,No,1043482,62.583
2007,DHPSG,Rotterdam,10,I-1,Yes,1042105,62.333
2007,DHPSG,Liberty LHF,11,I-1,No,1028200,61.833
2007,DHPSG,Viva Las Vegas,12,I-1,Yes,44370,61.667
2007,DHPSG,Don Perry,13,I-2,Yes,1044689,59.167
2007,DHPSG,Savant,14,Prix St. Georges,No,1006243,58.500
2007,FEI5,Cabana Boy,1,I-1,Yes,45251,8.408
2007,FEI5,Roccoca WF,2,FEI 6 Year Old,No,1047389,7.880
2007,FEI5,Lacord,3,Prix St. Georges,No,1061422,7.863
2007,FEI5,Hit Parade SFS,4,Fourth Level,No,1057888,7.800
2007,FEI5,Lord Albert,5,Grand Prix,Yes,1057386,7.708
2007,FEI5,Froelich,6,Grand Prix,No,45334,7.624
2007,FEI5,Valiant,7,Second Level,No,1049336,7.572
2007,FEI5,Cipriani,8,Grand Prix,Yes,1042807,7.564
2007,FEI5,Valeska DG,9,Fourth Level,No,45153,7.400
2007,FEI5,Rochefort,10,I-1,Yes,1052425,7.324
2007,FEI5,Ready or Not,11,I-1,No,1045678,7.284
2007,FEI5,Valkyriez,12,Fourth Level,No,1051041,7.276
2007,FEI5,Voltaage,13,FEI 5 Year Old,No,1043601,7.160
2007,FEI5,Donavan,14,Fourth Level,No,117389,6.732
2007,FEI6,Grandioso,1,I-2,Yes,1049928,8.368
2007,FEI6,Donates,2,I-2,Yes,1019322,7.804
2007,FEI6,Unitas,3,Grand Prix,Yes,1032242,7.668
2007,FEI6,Sancette,4,Grand Prix,Yes,1057890,7.604
2007,FEI6,Eeltsje F,5,Grand Prix,No,1044103,7.452
2007,FEI6,Leonessa,6,Third Level,No,1047123,7.372
2007,FEI6,Donnermuth,7,Prix St. Georges,No,1029497,7.308
2007,FEI6,Ronaldo 109,8,Grand Prix,Yes,1051209,7.300
2007,FEI6,Redford,9,I-2,No,1028940,7.036
2007,FEI6,Algebraic Expression,10,I-2,No,1043124,6.856
2007,FEI6,Rolex H,11,I-1,No,1016601,6.688
2007,FEI6,Amadeus,12,Grand Prix,No,1032434,6.616
2007,FEI6,Collector's Item,13,I-1,No,1035043,6.516
2007,FEI6,UB 40,14,Prix St. Georges,No,1042261,2.808
2007,USEF4,Waterloo SE,1,I-1,Yes,1053012,8.620
2007,USEF4,Reliance,2,Prix St. Georges,No,1061628,8.160
2007,USEF4,River Side Lady,3,Grand Prix,Yes,1054073,7.960
2007,USEF4,Winston,4,Grand Prix,No,1057170,7.760
2007,USEF4,Sandomere,5,Grand Prix,Yes,1056152,7.720
2007,USEF4,Willa,6,First Level,No,1062049,7.700
2007,USEF4,Davy Crockett,7,FEI 5 Year Old,No,1026565,7.640
2007,USEF4,Woodwind,8,Third Level,No,1050337,7.620
2007,USEF4,Watch Me,9,I-1,Yes,1057530,7.580
2007,USEF4,Pikko del Cerro HU,10,Grand Prix,Yes,1040300,7.520
2007,USEF4,Watch Me,11,Second Level,No,1057452,7.300
2007,USEF4,Guilliani,11,I-2,No,1045673,7.300
2007,USEF4,Fuerst Consul,13,USEF 4 Year Old,No,1062724,7.280
2007,USEF4,Winner,14,I-1,No,1043598,7.080
2007,USEF4,Maximilian of Wurttemberg,15,Second Level,No,1062237,6.940
2007,USEF4,Wunder Woman,16,I-1,No,1012722,6.900
2007,USEF4,Blue Hors Lyla,17,USEF 4 Year Old,No,1013418,6.820
2007,USEF4,Liokai,18,First Level,No,1062001,6.720
2007,USEF4,Wunderland,19,I-1,No,1012154,6.200
2007,USEF4,Rebecca,20,Second Level,No,1063158,5.940
2008,DHPSG,UII,1,Grand Prix,Yes,1055259,69.456
2008,DHPSG,Golden Choice,2,Grand Prix,Yes,1016898,69.336
2008,DHPSG,Grandioso,3,I-2,Yes,1049928,67.969
2008,DHPSG,Settino,4,I-1,Yes,1018798,67.158
2008,DHPSG,Don Principe,5,Grand Prix,Yes,1033231,66.667
2008,DHPSG,Dolomit,6,Grand Prix,Yes,1033718,65.774
2008,DHPSG,Wolkenwand,7,Grand Prix,No,1019513,64.414
2008,DHPSG,Don Devere,8,I-1,Yes,1004060,64.110
2008,DHPSG,Rhett,9,Grand Prix,Yes,1061467,63.919
2008,DHPSG,Currency,10,Grand Prix,Yes,1035693,63.859
2008,DHPSG,Eeltsje F,11,Grand Prix,No,1044103,63.464
2008,DHPSG,Sir Sinclair,12,Prix St. Georges,No,1015413,62.947
2008,DHPSG,Genuine Gem,13,Grand Prix,Yes,1042411,62.914
2008,DHPSG,Carnegie,14,I-1,Yes,39789,62.107
2008,DHPSG,Superman,15,Grand Prix,Yes,1025218,61.936
2008,DHPSG,Troy,16,I-1,Yes,1062206,61.842
2008,DHPSG,Amidala,17,Grand Prix,Yes,1031631,55.913
2008,FEI6,Cabana Boy,1,I-1,Yes,45251,8.644
2008,FEI6,Weltino's Magic,2,Grand Prix,Yes,1066325,8.212
2008,FEI6,Rohmero,3,Grand Prix,No,1062674,7.868
2008,FEI6,Hit Parade SFS,4,Fourth Level,No,1057888,7.588
2008,FEI6,Calimar,5,Grand Prix,Yes,47128,7.544
2008,FEI6,Sauvignon,6,Grand Prix,Yes,1060957,7.212
2008,FEI6,Solaris Hit,7,Third Level,No,1049161,7.172
2008,FEI6,Solei,8,Grand Prix,Yes,1056821,7.156
2008,FEI6,Froelich,9,Grand Prix,No,45334,7.152
2008,FEI6,Leoluigi,10,Grand Prix,Yes,1071104,7.144
2008,FEI6,Flaming Heart,11,Prix St. Georges,No,1054394,7.112
2008,FEI5,Winsor Rox,1,Grand Prix,No,1091636,8.027
2008,FEI5,Ronatella S,2,I-1,No,1055478,7.843
2008,FEI5,Lucky Girl BC,3,Prix St. Georges,No,1067883,7.844
2008,FEI5,Pikko del Cerro HU,4,Grand Prix,Yes,1040300,7.820
2008,FEI5,Wish,5,I-1,Yes,1062007,7.764
2008,FEI5,Wiseguy,6,I-1,No,1068980,7.760
2008,FEI5,Matinee SF,7,Grand Prix,Yes,1065779,7.716
2008,FEI5,Wisdom MVS,8,Grand Prix,Yes,1039297,7.612
2008,FEI5,Wencenza,9,I-1,Yes,1055950,7.508
2008,FEI5,Sandomere,10,Grand Prix,Yes,1056152,7.504
2008,FEI5,River Side Lady,11,Grand Prix,Yes,1054073,7.460
2008,FEI5,Wersace,12,Second Level,No,1044581,7.248
2008,FEI5,Exemplaar,13,Third Level,No,1050038,7.100
2008,FEI5,Watch Me,14,Second Level,No,1057452,7.076
2008,USEF4,Selten HW,1,Grand Prix,Yes,1031805,8.560
2008,USEF4,Zatino H,2,Grand Prix,Yes,1067579,8.240
2008,USEF4,Donzi,3,Second Level,No,1073349,7.780
2008,USEF4,Ziggouras-Tar,4,Fourth Level,No,1057533,7.680
2008,USEF4,Fuerst River H,5,FEI 5 Year Old,No,1053760,7.580
2008,USEF4,Richmond HL,6,Grand Prix,Yes,1070537,7.560
2008,USEF4,Rastino,7,I-1,No,1073095,7.380
2008,USEF4,Faya,8,First Level,No,1068109,7.180
2008,USEF4,Contigo,9,Prix St. Georges,No,1072868,7.140
2008,USEF4,Rorick,10,Third Level,No,1031938,7.060
2008,USEF4,Cosmopolitan,11,FEI 5 Year Old,No,1035139,6.980
2008,USEF4,Conquestador,12,Second Level,No,1068977,6.960
2008,USEF4,Revelle,13,Grand Prix,No,1058631,6.840
2008,USEF4,Sirius,14,Fourth Level,No,1073378,6.740
2008,USEF4,Delauren,15,Third Level,No,1066614,6.660
2008,USEF4,Zandor,16,Grand Prix,Yes,1055286,6.640
2009,DHPSG,Cabana Boy,1,I-1,Yes,45251,73.444
2009,DHPSG,Don Bailey,2,I-2,Yes,1078443,68.287
2009,DHPSG,Chicago,3,Grand Prix,Yes,1075699,67.467
2009,DHPSG,Rower BE,4,Grand Prix,Yes,1062029,66.751
2009,DHPSG,Toscano,5,Grand Prix,Yes,1056132,66.277
2009,DHPSG,Taison,6,Grand Prix,Yes,1031515,66.217
2009,DHPSG,Ranko,7,Grand Prix,Yes,1056927,65.829
2009,DHPSG,Redondo,8,I-1,Yes,1056428,65.520
2009,DHPSG,Manhattan,9,Grand Prix,No,1047294,63.311
2009,DHPSG,Baryshnikov,10,Grand Prix,Yes,1029967,63.133
2009,DHPSG,Rolex H,11,I-1,No,1016601,62.985
2009,DHPSG,Sandro Simian,12,Grand Prix,Yes,1047973,62.537
2009,DHPSG,Bellagio,13,Grand Prix,No,1049660,60.295
2009,DHPSG,Titaan,14,I-1,No,1032004,59.859
2009,DHPSG,Collector's Item,15,I-1,No,1035043,58.450
2009,FEI6,Pikko del Cerro HU,1,Grand Prix,Yes,1040300,7.900
2009,FEI6,Faberge,2,Grand Prix,Yes,1080424,7.851
2009,FEI6,Winsor Rox,3,Grand Prix,No,1091636,7.664
2009,FEI6,Warsteiner,4,Grand Prix,Yes,1062073,7.632
2009,FEI6,Waterloo SE,5,I-1,Yes,1053012,7.447
2009,FEI6,Sandomere,6,Grand Prix,Yes,1056152,7.420
2009,FEI6,Romeo,7,I-1,No,1068273,7.412
2009,FEI6,Walking on Sunshine,8,I-2,No,1057223,7.384
2009,FEI6,Contendion,9,Grand Prix,No,1010788,7.096
2009,FEI6,Matinee SF,10,Grand Prix,Yes,1065779,7.084
2009,FEI6,Royal Waltz,11,Grand Prix,No,1061037,6.776
2009,FEI6,Bijoux,12,Fourth Level,No,1072366,2.744
2009,FEI6,Reliance,13,Prix St. Georges,No,1061628,2.424
2009,FEI5,Selten HW,1,Grand Prix,Yes,1031805,8.520
2009,FEI5,San Shivago,2,Prix St. Georges,No,1068461,8.284
2009,FEI5,Zatino H,3,Grand Prix,Yes,1067579,8.015
2009,FEI5,Zalona DG,4,I-1,No,1037393,7.840
2009,FEI5,Steinway,5,I-1,Yes,1037788,7.636
2009,FEI5,Adora's Radiant Heart,6,FEI 5 Year Old,No,1077829,7.348
2009,FEI5,Rashka,7,I-1,No,1026428,7.328
2009,FEI5,Hudson,8,Grand Prix,No,1080578,7.152
2009,FEI5,Pikko del Rio,9,I-1,No,1069468,7.128
2009,FEI5,Zorba SE,10,FEI 5 Year Old,No,1065611,7.120
2009,FEI5,Cosmopolitan,11,FEI 5 Year Old,No,1035139,6.872
2009,FEI5,Hyperion SF,12,Third Level,No,1073559,6.620
2009,FEI5,Donzi,13,Second Level,No,1073349,6.468
2009,USEF4,Aesthete,1,I-2,Yes,1071800,8.680
2009,USEF4,Bon Chance,2,Grand Prix,Yes,1075194,8.640
2009,USEF4,Sabati,3,Fourth Level,No,1040689,8.380
2009,USEF4,Sir Rocco,4,Third Level,No,1074634,7.940
2009,USEF4,Whitney,5,Grand Prix,Yes,1079319,7.780
2009,USEF4,WakeUp,6,Grand Prix,Yes,1055334,7.740
2009,USEF4,Suntreader,7,Fourth Level,No,1075226,7.660
2009,USEF4,Dostojewski SF,8,Prix St. Georges,No,1077594,7.240
2009,USEF4,Ahlaya,9,First Level,No,1073122,7.060
2009,USEF4,Alleluia WRF,10,Third Level,No,1075732,6.960
2009,USEF4,Andiamo,11,Second Level,No,1077813,6.900
2009,USEF4,Armani,12,I-2,Yes,1081058,6.860
2009,USEF4,Pikk Elena HU,13,Grand Prix,Yes,1076069,6.640
2010,DHPSG,Rigo,1,Grand Prix,Yes,1056071,71.697
2010,DHPSG,GP Delano,2,I-1,Yes,1065247,68.047
2010,DHPSG,Cipriani,3,Grand Prix,Yes,1042807,67.869
2010,DHPSG,Contester II,4,I-2,Yes,1007378,67.418
2010,DHPSG,Rosevelt,5,Grand Prix,Yes,1084612,66.874
2010,DHPSG,Udo,6,Grand Prix,Yes,1069213,65.675
2010,DHPSG,Volontaire,7,I-2,Yes,1063919,64.298
2010,DHPSG,Ebikur,8,Grand Prix,Yes,1043140,64.233
2010,DHPSG,Calimar,9,Grand Prix,Yes,47128,64.090
2010,DHPSG,Uberlinus,10,Grand Prix,Yes,1033936,62.310
2010,DHPSG,Udon P,11,Grand Prix,Yes,1083507,62.039
2010,DHPSG,Bellagio,12,Grand Prix,No,1049660,61.091
2010,FEI6,Selten HW,1,Grand Prix,Yes,1031805,8.692
2010,FEI6,Benidetto,2,Grand Prix,Yes,1084544,8.208
2010,FEI6,Zefier,3,Prix St. Georges,No,1084254,7.999
2010,FEI6,Zandor,4,Grand Prix,Yes,1055286,7.935
2010,FEI6,De Facto,5,Grand Prix,No,1084614,7.887
2010,FEI6,Zalona DG,6,I-1,No,1037393,7.748
2010,FEI6,Benise,7,Grand Prix,No,1072240,7.516
2010,FEI6,Laika,8,Fourth Level,No,1078332,7.452
2010,FEI6,Super Crusador,9,Grand Prix,Yes,1070849,7.328
2010,FEI6,Rashka,10,I-1,No,1026428,7.160
2010,FEI6,Hyperion SF,11,Third Level,No,1073559,7.120
2010,FEI6,Schroeder,12,Grand Prix,Yes,1072580,7.088
2010,FEI6,Steinway,13,I-1,Yes,1037788,6.980
2010,FEI6,Diamonds N Roses,14,Prix St. Georges,No,1079534,6.624
2010,FEI5,Bon Chance,1,Grand Prix,Yes,1075194,8.484
2010,FEI5,Adjedorijke,2,Prix St. Georges,No,1081420,8.116
2010,FEI5,Aesthete,3,I-2,Yes,1071800,8.112
2010,FEI5,Whitney,4,Grand Prix,Yes,1079319,8.108
2010,FEI5,Amethyst,5,Fourth Level,No,1073991,8.020
2010,FEI5,Suntreader,6,Fourth Level,No,1075226,7.912
2010,FEI5,Sabati,7,Fourth Level,No,1040689,7.828
2010,FEI5,Seraphine,8,Prix St. Georges,No,1077599,7.696
2010,FEI5,Bellino,9,Grand Prix,Yes,1077049,7.676
2010,FEI5,Somerhall,10,Grand Prix,Yes,1078479,7.588
2010,FEI5,Dostojewski SF,11,Prix St. Georges,No,1077594,7.572
2010,FEI5,HS Wrevolution,12,Grand Prix,Yes,1078148,7.212
2010,FEI5,Fancy This GCF,13,Prix St. Georges,No,1054011,6.944
2010,FEI5,Desaronno,14,I-A,No,1078702,4.560
2010,USEF4,DG Brendo,1,FEI 5 Year Old,No,1086075,8.460
2010,USEF4,DG Bantana,2,Fourth Level,No,1086074,8.320
2010,USEF4,Sakramenter,3,I-1,No,1085321,8.180
2010,USEF4,Somer Hit,4,Grand Prix,No,1064432,8.140
2010,USEF4,Rania,5,I-1,No,1059588,7.640
2010,USEF4,Sir Velo,6,Grand Prix,Yes,1084380,7.600
2010,USEF4,Federer,7,Prix St. Georges,No,1083318,7.560
2010,USEF4,De Feiner Star,8,Prix St. Georges,No,1053770,7.520
2010,USEF4,Folcano,9,Grand Prix,No,1086223,7.420
2010,USEF4,San City,10,FEI 6 Year Old,No,1076104,7.380
2010,USEF4,Rapazzini,11,Third Level,No,1058123,7.240
2010,USEF4,Born in the USA GCF,12,Second Level,No,1053939,7.200
2010,USEF4,Romantico SF,13,I-2,No,1084639,7.180
2010,USEF4,Ana Isabellah,14,First Level,No,1082784,7.020
2010,USEF4,Edelrubin,15,Grand Prix,No,1086222,7.000
2011,DHPSG,Pikko del Cerro HU,1,Grand Prix,Yes,1040300,70.481
2011,DHPSG,Pie,2,I-1,Yes,1069959,69.652
2011,DHPSG,Wrigley,3,Grand Prix,Yes,1067865,69.205
2011,DHPSG,Warsteiner,4,Grand Prix,Yes,1062073,67.720
2011,DHPSG,Jil Sander,5,Grand Prix,No,1058560,67.195
2011,DHPSG,Destiny,6,Grand Prix,Yes,1078250,66.880
2011,DHPSG,Faberge,7,Grand Prix,Yes,1080424,66.373
2011,DHPSG,Vindicator,8,Grand Prix,Yes,1053378,65.888
2011,DHPSG,GP Delano,9,I-1,Yes,1065247,65.858
2011,DHPSG,Cleopatra,10,Grand Prix,Yes,1075106,64.836
2011,DHPSG,Sandro Paix,11,Grand Prix,No,1078072,64.273
2011,DHPSG,Eclipse BR,12,I-2,Yes,1067341,63.555
2011,DHPSG,Rohmero,13,Grand Prix,No,1062674,63.343
2011,DHPSG,Volontaire,14,I-2,Yes,1063919,60.864
2011,DHPSG,Benidetto,15,Grand Prix,Yes,1084544,60.268
2011,FEI5,Donna Tella,1,FEI 5 Year Old,No,1090375,8.648
2011,FEI5,San City,2,FEI 6 Year Old,No,1076104,8.588
2011,FEI5,Somer Hit,3,I-2,No,1064432,8.408             
2011,FEI5,Sanceo,4,Grand Prix,Yes,1083924,8.116                
2011,FEI5,Biscaya,5,FEI 6 Year Old,No,1062522,8.084                              
2011,FEI5,Showdown,6,Grand Prix,No,1081615,7.931                             
2011,FEI5,Walk the Line,7,Grand Prix,Yes,1084174,7.812                        
2011,FEI5,Bakara,7,I-1,No,1083670,7.812                            
2011,FEI5,Belvedere,9,I-2,No,1086045,7.752                            
2011,FEI5,Romantico SF,10,I-2,No,1084639,7.600                        
2011,FEI5,Sir Velo,11,Grand Prix,Yes,1084380,7.447                           
2011,FEI5,Bonameer DG,12,FEI 5 Year Old,No,1085616,7.320                                         
2011,FEI5,DG Brendo,13,FEI 5 Year Old,No,1086075,7.240                           
2011,FEI5,DG Bantana,14,Fourth Level,No,1086074,7.212                          
2011,FEI5,Folkestone OLD,15,I-1,Yes,1089283,3.112
2011,FEI6,WakeUp,1,Grand Prix,Yes,1055334,8.736
2011,FEI6,Bon Chance,2,Grand Prix,Yes,1075194,8.736
2011,FEI6,Aesthete,3,I-2,Yes,1071800,8.584
2011,FEI6,Riccidoff,4,I-1,No,1091439,8.084
2011,FEI6,Adjedorijke,5,Prix St. Georges,No,1081420,8.076
2011,FEI6,Allegro,6,Prix St. Georges,No,1084899,8.056
2011,FEI6,Sabati,7,Fourth Level,No,1040689,7.980
2011,FEI6,Allure S,8,Grand Prix,Yes,1068353,7.939
2011,FEI6,Whitney,9,Grand Prix,Yes,1079319,7.884
2011,FEI6,Somerhall,10,Grand Prix,Yes,1078479,7.880
2011,FEI6,Dostojewski SF,11,Prix St. Georges,No,1077594,7.715
2011,FEI6,Roark,12,Prix St. Georges,Yes,1077701,7.455
2011,FEI6,Festivo RS,13,I-1,Yes,1083986,7.407
2011,FEI6,Ruffino,14,Prix St. Georges,No,1083038,7.192
2011,FEI6,Antheney Hill,15,Third Level,No,1092083,6.872
2011,USEF4,Furst Fiorano,1,I-2,Yes,1091557,8.500
2011,USEF4,Horizon,2,Grand Prix,Yes,1091221,8.480
2011,USEF4,Regalo,3,Prix St. Georges,No,1090918,8.300
2011,USEF4,Casanova,4,Fourth Level,No,1090890,7.900
2011,USEF4,Hot Mama,5,Prix St. Georges,No,1091390,7.880
2011,USEF4,Caliente DG,6,Grand Prix,No,1083671,7.840
2011,USEF4,Sir Sherlock,7,I-1,Yes,1081616,7.660
2011,USEF4,Holeandra,8,Grand Prix,No,1091449,7.580
2011,USEF4,San Regilio,9,Prix St. Georges,No,1089287,7.440
2011,USEF4,Leonardo,10,Grand Prix,Yes,1077951,7.380
2011,USEF4,Citation ISF,11,Grand Prix,No,1065659,7.320
2011,USEF4,Chancellor WAS,12,Prix St. Georges,No,1087873,7.280
2011,USEF4,Barcelona RH,13,Third Level,No,1091420,7.180
2011,USEF4,Favulous,14,I-1,No,1088998,7.140
2011,USEF4,Petite Belle,15,I-1,Yes,1086646,7.080
2012,DHGP,Pikko del Cerro HU,1,Grand Prix,Yes,1040300,70.948
2012,DHGP,Agastrofos,2,Grand Prix,No,1059559,67.811
2012,DHGP,Rohmero,3,Grand Prix,No,1062674,63.961
2012,DHGP,Victorious,4,Grand Prix,No,1046691,63.622
2012,DHGP,Frederik,5,Grand Prix,No,1057828,62.271
2012,DHGP,Adesco C,6,Grand Prix,Yes,1046696,61.890
2012,DHGP,Weltdorff,7,Grand Prix,Yes,1081649,61.594
2012,DHGP,Calimar,8,Grand Prix,Yes,47128,59.739
2012,DHGP,Veva Rose,9,Grand Prix,No,1091827,54.271
2012,DHPSG,Her Highness,1,Grand Prix,Yes,1022793,72.578
2012,DHPSG,WakeUp,2,Grand Prix,Yes,1055334,69.904
2012,DHPSG,Faberge,3,Grand Prix,Yes,1080424,69.760
2012,DHPSG,Dostojewski SF,4,Prix St. Georges,No,1077594,69.730
2012,DHPSG,Destiny,5,Grand Prix,Yes,1078250,69.435
2012,DHPSG,Contendion,6,Grand Prix,No,1010788,69.014
2012,DHPSG,Zania,7,Grand Prix,Yes,1070709,68.508
2012,DHPSG,Zandor,8,Grand Prix,Yes,1055286,68.500
2012,DHPSG,Matinee SF,9,Grand Prix,Yes,1065779,66.872
2012,DHPSG,Allure S,10,Grand Prix,Yes,1068353,66.156
2012,DHPSG,Benise,11,Grand Prix,No,1072240,66.002
2012,DHPSG,Wies V/D Klumpert,12,Grand Prix,No,1082861,65.943
2012,DHPSG,Wyatt Star,13,Grand Prix,Yes,1056374,65.284
2012,DHPSG,Richmond HL,14,Grand Prix,Yes,1070537,65.229
2012,DHPSG,Sandro Paix,15,Grand Prix,No,1078072,63.741
2012,FEI6,Somer Hit,1,I-2,No,1064432,8.050
2012,FEI6,Simply Nymphenburg,2,I-2,Yes,1095986,7.796
2012,FEI6,Kir Royal,3,Fourth Level,No,1095923,7.672
2012,FEI6,KGF Harmony,4,Fourth Level,No,1085484,7.636
2012,FEI6,Bakara,5,I-1,No,1083670,7.620
2012,FEI6,Skywalker HW,6,Grand Prix,No,1091826,7.582
2012,FEI6,Biscaya,7,FEI 6 Year Old,No,1062522,7.448
2012,FEI6,Beaumont DG,8,Fourth Level,No,1085008,7.312
2012,FEI6,Rania,9,I-1,No,1059588,7.276
2012,FEI6,Highschool MCF,10,Grand Prix,No,1084636,7.256
2012,FEI6,Solitaire,11,I-1,Yes,1090256,7.076
2012,FEI5,Regalo,1,Prix St. Georges,No,1090918,7.912
2012,FEI5,Elfenfeuer,2,Grand Prix,Yes,1097042,7.864
2012,FEI5,Freedom,3,Grand Prix,Yes,1081974,7.612
2012,FEI5,Horizon,4,Grand Prix,Yes,1091221,7.592
2012,FEI5,Boccaccio IOF,5,I-1,No,1075909,7.588
2012,FEI5,Sir Sherlock,6,I-1,Yes,1081616,7.520
2012,FEI5,Clapton JP,7,Grand Prix,Yes,1089653,7.372
2012,FEI5,Hot Royal,8,Third Level,No,1095310,7.236
2012,FEI5,Leonardo,9,Grand Prix,Yes,1077951,7.212
2012,FEI5,Summersby,10,Grand Prix,Yes,1095742,7.156
2012,FEI5,Karat Cf,11,I-1,No,1089498,7.148
2012,FEI5,San Dante,12,I-1,Yes,1062231,7.128
2012,FEI5,Caliente DG,13,Grand Prix,No,1083671,7.056
2012,FEI5,Casanova,14,Fourth Level,No,1090890,6.896
2012,USEF4,Hemmingway,1,I-1,No,1075520,8.260
2012,USEF4,Qredit Hilltop,2,Grand Prix,Yes,1075748,8.220
2012,USEF4,Dilona,3,I-1,Yes,1095596,8.200
2012,USEF4,Don Frederic HVH,4,Prix St. Georges,No,1075515,8.060
2012,USEF4,Supremat OLD,5,Third Level,No,1095151,7.920
2012,USEF4,Rohan,6,USEF 4 Year Old,No,1090883,7.660
2012,USEF4,Whitny,7,Second Level,No,1094100,7.580
2012,USEF4,Ballerina DMV,8,FEI 5 Year Old,No,1093540,7.520
2012,USEF4,Dalina DG,9,Grand Prix,Yes,1096125,7.460
2012,USEF4,Syncopation Rk,10,Prix St. Georges,No,1074108,7.460
2012,USEF4,Winchester,11,I-1,No,1095377,7.420
2012,USEF4,Veronica,12,Third Level,No,1075345,7.260
2012,USEF4,Sir Steinerman,13,Grand Prix,No,1096602,7.180
2012,USEF4,Fortissimo B,14,FEI 5 Year Old,No,1081998,7.160
2012,USEF4,Hadrian HVH,15,Second Level,No,1075519,6.760
2013,DHGP,Zandor,1,Grand Prix,Yes,1055286,66.714
2013,DHGP,Wild Dancer,2,Grand Prix,Yes,1079789,66.252
2013,DHGP,Zanzibar,3,Grand Prix,No,1080018,66.090
2013,DHGP,Sandomere,4,Grand Prix,Yes,1056152,63.684
2013,DHGP,H Wrendition,5,Grand Prix,Yes,1078953,57.762
2013,DHGP,Elijah,6,I-2,No,1013250,56.649
2013,DHPSG,WakeUp,1,Grand Prix,Yes,1055334,75.298
2013,DHPSG,Kastel's Adventure,2,Grand Prix,Yes,1101019,70.859
2013,DHPSG,Rosa Cha W,3,Grand Prix,Yes,1085563,69.724
2013,DHPSG,Sandro Paix,4,Grand Prix,No,1078072,67.780
2013,DHPSG,Saphira,5,Grand Prix,Yes,1068542,67.306
2013,DHPSG,Bahai,6,Grand Prix,Yes,1079465,66.875
2013,DHPSG,Zania,7,Grand Prix,Yes,1070709,66.577
2013,DHPSG,Nobby V.D. Shamrock,8,I-1,Yes,1093693,66.306
2013,DHPSG,Fortune and Fame,9,I-2,Yes,1088838,65.769
2013,DHPSG,Suraya,10,Grand Prix,No,1095017,65.099
2013,DHPSG,Lord Sisley,11,Grand Prix,No,1068008,64.216
2013,DHPSG,Somerhall,12,Grand Prix,Yes,1078479,64.162
2013,DHPSG,Lakota HD,13,Grand Prix,No,1084731,62.343
2013,DHPSG,Zabaco,14,Grand Prix,No,1066567,62.259
2013,FEI6,Vitalis,1,I-1,Yes,1101036,9.152
2013,FEI6,Sunshine Tour,2,Grand Prix,Yes,1096664,8.027
2013,FEI6,Caliente DG,3,Grand Prix,No,1083671,7.939
2013,FEI6,Clapton JP,4,Grand Prix,Yes,1089653,7.872
2013,FEI6,Elfenfeuer,5,Grand Prix,Yes,1097042,7.832
2013,FEI6,Boccaccio IOF,6,I-1,No,1075909,7.660
2013,FEI6,Calvin Klein,7,Prix St. Georges,Yes,1090116,7.532
2013,FEI6,Ribery 20,8,Prix St. Georges,No,1093870,7.391
2013,FEI6,Leonardo,9,Grand Prix,Yes,1077951,7.292
2013,FEI6,Don Fredo HD,10,Grand Prix,Yes,1094155,7.231
2013,FEI6,Sambastein,11,Prix St. Georges,No,1089527,6.994
2013,FEI6,Lysias,12,Prix St. Georges,Yes,1094301,6.698
2013,FEI5,Fashion Designer OLD,1,I-2,No,1101394,9.012
2013,FEI5,DG Dancing Queen,2,Prix St. Georges,No,1102560,8.916
2013,FEI5,Fiderhit OLD,3,Prix St. Georges,Yes,1099803,8.620
2013,FEI5,Qredit Hilltop,4,Grand Prix,Yes,1075748,8.480
2013,FEI5,Benefactor RRS,5,Prix St. Georges,No,1096726,8.452
2013,FEI5,Doctor Wendell MF,6,Grand Prix,Yes,1075318,7.816
2013,FEI5,Dilona,7,I-1,Yes,1095596,7.784
2013,FEI5,Don Frederic HVH,9,Prix St. Georges,No,1075515,7.284
2013,FEI5,Di Solitaire,10,Fourth Level,No,1099009,7.216
2013,FEI5,Sir Steinerman,11,Grand Prix,No,1096602,7.016
2013,FEI5,Samara,12,Third Level,No,1099702,6.948
2013,FEI5,Hemmingway,13,I-1,No,1075520,6.884
2013,USEF4,Rebellienne HVH,1,Prix St. Georges,No,1083018,8.760
2013,USEF4,Encore,2,Grand Prix,Yes,1101447,8.736
2013,USEF4,Elian,3,Grand Prix,Yes,1100945,8.700
2013,USEF4,DG Edorijke,4,I-1,No,1102150,8.336
2013,USEF4,Fabrege MF,5,USEF 4 Year Old,No,1081718,7.884
2013,USEF4,Quantum Jazz,6,Grand Prix,Yes,1101462,7.868
2013,USEF4,Fairy Tale LH,7,I-2,No,1101672,7.864
2013,USEF4,Sadira TWF,8,I-1,No,1080696,7.304
2013,USEF4,Dow Jones 1,9,Grand Prix,No,1100825,7.248
2013,USEF4,Endeavor,10,I-A,No,1100784,7.200
2013,USEF4,Emile,11,Third Level,No,1083317,6.992
2013,USEF4,Ferrari,12,Grand Prix,No,1101412,6.800
2013,USEF4,Lord's Prophet Elijah,13,First Level,No,1100954,6.548
2013,USEF4,Floretienne,14,Grand Prix,Yes,1101450,2.792
2014,DHGP,Donatus,1,I-2,No,1105663,69.406
2014,DHGP,WakeUp,2,Grand Prix,Yes,1055334,69.323
2014,DHGP,Zanzibar,3,Grand Prix,No,1080018,67.585
2014,DHGP,Zonnekoning,4,Grand Prix,Yes,1100637,64.331
2014,DHGP,Zabaco,5,Grand Prix,No,1066567,63.940
2014,DHGP,Benidetto,6,Grand Prix,Yes,1084544,62.912
2014,DHGP,Bahai,7,Grand Prix,Yes,1079465,62.367
2014,DHPSG,Sanceo,1,Grand Prix,Yes,1083924,76.515
2014,DHPSG,Allure S,2,Grand Prix,Yes,1068353,69.202
2014,DHPSG,Highschool MCF,3,Grand Prix,No,1084636,69.140
2014,DHPSG,Rock Solid,4,I-1,No,1078911,67.312
2014,DHPSG,Donna Carina 6,5,I-1,No,1079106,66.642
2014,DHPSG,Montana,6,Grand Prix,Yes,1081215,66.606
2014,DHPSG,Furst Fiorano,7,I-2,Yes,1091557,66.414
2014,DHPSG,Skywalker HW,8,Grand Prix,No,1091826,65.689
2014,DHPSG,Rocky Lane,9,Grand Prix,Yes,109531,65.125
2014,DHPSG,Antano BH,10,Grand Prix,No,1094880,65.033
2014,DHPSG,Apfelkorn,11,I-1,No,1078538,64.879
2014,DHPSG,Folkestone OLD,12,I-1,Yes,1089283,64.786
2014,DHPSG,Rania,13,I-1,No,1059588,64.466
2014,DHPSG,Freedom,14,Grand Prix,Yes,1081974,64.248
2014,DHPSG,Havajano,15,I-1,No,1088961,58.945
2014,FEI6,Ripline,1,Grand Prix,Yes,1077952,8.612
2014,FEI6,Hemmingway,2,I-1,No,1075520,8.572
2014,FEI6,Fashion Designer OLD,3,I-2,No,1101394,8.120
2014,FEI6,Sir Steinerman,4,Grand Prix,No,1096602,7.994
2014,FEI6,Doctor Wendell MF,5,Grand Prix,Yes,1075318,7.976
2014,FEI6,Fiderhit OLD,6,Prix St. Georges,Yes,1099803,7.798
2014,FEI6,Dartesch,7,Grand Prix,No,1105184,7.768
2014,FEI6,Dilona,8,I-1,Yes,1095596,7.516
2014,FEI6,Sueno Hit,9,Grand Prix,Yes,1101035,7.504
2014,FEI6,Fleury's Fanfare,10,Prix St. Georges,No,1096456,7.500
2014,FEI6,Dexter,11,Prix St. Georges,No,1096757,7.220
2014,FEI6,Dalina DG,12,Grand Prix,Yes,1096125,7.092
2014,FEI6,Duet MF,13,I-1,Yes,1072636,7.076
2014,FEI6,Dancing Hit,14,Prix St. Georges,No,1101614,2.904
2014,FEI5,Emilion SA,1,Grand Prix,No,1103853,8.680
2014,FEI5,Edward,2,Third Level,No,1106204,8.520
2014,FEI5,Elian,3,Grand Prix,Yes,1100945,8.140
2014,FEI5,Encore,4,Grand Prix,Yes,1101447,8.128
2014,FEI5,Davos MCF,5,I-1,No,1104371,8.096
2014,FEI5,DG Edorijke,6,I-1,No,1102150,8.080
2014,FEI5,Escobar DG,7,Prix St. Georges,No,1098204,7.991
2014,FEI5,Quintessential Hit,8,Grand Prix,Yes,1107061,7.980
2014,FEI5,Exodus,9,Grand Prix,No,1105699,7.960
2014,FEI5,Filou,10,Fourth Level,No,1105760,7.784
2014,FEI5,Dow Jones 1,11,Grand Prix,No,1100825,7.754
2014,FEI5,Fackeltrager,12,I-2,No,1101320,7.484
2014,FEI5,U Rock,13,Fourth Level,No,1102799,7.404
2014,FEI5,Scylla,14,I-1,No,1099825,7.348
2014,FEI5,Faolan,15,Grand Prix,Yes,1102403,7.140
2014,USEF4,Rosalut NHF,1,Grand Prix,Yes,1089931,8.956
2014,USEF4,Famebria DG,2,USEF 4 Year Old,No,1098604,8.468
2014,USEF4,Furst Aurum,3,I-1,No,1106104,8.296
2014,USEF4,Lucky Strike,4,I-1,Yes,1106541,7.944
2014,USEF4,Sidonna MVS,5,I-1,No,1093090,7.784
2014,USEF4,DG Feikje,6,USEF 4 Year Old,No,1107820,7.740
2014,USEF4,Florante YF,7,Prix St. Georges,No,1093052,7.604
2014,USEF4,Sternlicht Hilltop,8,Grand Prix,No,1087284,7.544
2014,USEF4,De Blasio,8,Prix St. Georges,Yes,1107907,7.544
2014,USEF4,Dresscode,10,Third Level,No,1108011,7.520
2014,USEF4,Won Ruby,11,Third Level,No,1107067,7.504
2014,USEF4,Focus DG,12,USEF 4 Year Old,No,1108015,7.476
2014,USEF4,Bojing,13,I-1,No,1107814,7.384
2014,USEF4,Solaris,14,First Level,No,1108181,7.276
2014,USEF4,Floris R,15,I-1,Yes,1105607,7.124
2015,DHGP,WakeUp,1,Grand Prix,Yes,1055334,69.934
2015,DHGP,Equestricons Et Voila,2,Grand Prix,No,1099548,67.627
2015,DHGP,Elfenfeuer,3,Grand Prix,Yes,1097042,66.509
2015,DHGP,Ronaldo,4,Grand Prix,Yes,1091501,66.260
2015,DHGP,Elfenperfekt,5,Grand Prix,Yes,1060608,64.505
2015,DHGP,Allure S,6,Grand Prix,Yes,1068353,64.240
2015,DHGP,Air Marshall,7,Grand Prix,No,1086815,64.212
2015,DHGP,Highschool MCF,8,Grand Prix,No,1084636,63.885
2015,DHGP,Lakota HD,9,Grand Prix,No,1084731,61.775
2015,DHPSG,Folkestone OLD,1,I-1,Yes,1089283,71.248
2015,DHPSG,Ripline,2,Grand Prix,Yes,1077952,70.157
2015,DHPSG,Fashion Designer OLD,3,I-2,No,1101394,70.030
2015,DHPSG,Summersby,4,Grand Prix,Yes,1095742,69.186
2015,DHPSG,Walk the Line,5,Grand Prix,Yes,1084174,68.895
2015,DHPSG,Boccaccio IOF,6,I-1,No,1075909,68.296
2015,DHPSG,Contento Sogno,7,Grand Prix,Yes,1112052,67.828
2015,DHPSG,Toy Story,8,I-1,Yes,1101016,66.985
2015,DHPSG,Freedom,9,Grand Prix,Yes,1081974,66.755
2015,DHPSG,Doctor Wendell MF,10,Grand Prix,Yes,1075318,66.555
2015,DHPSG,Baximiliana,11,I-1,Yes,1095097,66.322
2015,DHPSG,Jazz Dance,12,Grand Prix,No,1086697,65.703
2015,DHPSG,Clapton JP,13,Grand Prix,Yes,1089653,65.603
2015,DHPSG,Foley,14,Grand Prix,Yes,1086099,64.877
2015,FEI6,Gallant Reflection HU,1,I-2,Yes,1111191,8.136
2015,FEI6,Floretienne,2,Grand Prix,Yes,1101450,7.836
2015,FEI6,Edward,3,Third Level,No,1106204,7.740
2015,FEI6,Ellert HB,4,Grand Prix,Yes,1101296,7.676
2015,FEI6,Fighting Chance L,5,Prix St. Georges,No,1108479,7.564
2015,FEI6,Elzarma,6,Grand Prix,Yes,1106967,7.391
2015,FEI6,Elancourt,7,I-2,No,1110961,7.343
2015,FEI6,Fleur de Lis L,8,Grand Prix,Yes,1108481,7.276
2015,FEI6,Bella Notte,9,Grand Prix,No,1088735,7.160
2015,FEI6,Faolan,10,Grand Prix,Yes,1102403,7.128
2015,FEI6,Truhana de Ymas,11,Prix St. Georges,No,1105744,7.108
2015,FEI6,Bel Vedere,12,Prix St. Georges,No,1111250,7.084
2015,FEI6,Quantum Jazz,13,Grand Prix,Yes,1101462,6.700
2015,FEI5,Rosalut NHF,1,Grand Prix,Yes,1089931,8.460
2015,FEI5,Formancier,2,Grand Prix,Yes,1106278,7.960
2015,FEI5,Don Cesar,3,I-2,Yes,1112077,7.888
2015,FEI5,Silberpfeil,4,Grand Prix,Yes,1106756,7.680
2015,FEI5,Candescent,5,Grand Prix,Yes,1108912,7.672
2015,FEI5,Furst Aurum,6,I-1,No,1106104,7.624
2015,FEI5,Shyriana,7,Prix St. Georges,No,1104801,7.604
2015,FEI5,Figaro H,8,Grand Prix,Yes,1107460,7.584
2015,FEI5,My Way,9,FEI 5 Year Old,No,1107595,7.452
2015,FEI5,Fifinella GCF,10,I-2,Yes,1111283,7.420
2015,FEI5,Sidonna MVS,11,I-1,No,1093090,7.388
2015,FEI5,Boston Strong,12,I-1,Yes,1109918,7.311
2015,FEI5,Falesto D,13,FEI 5 Year Old,No,1105367,7.220
2015,FEI5,Guateque IV,14,Grand Prix,Yes,1104730,7.152
2015,FEI5,Flavius MF,15,I-2,Yes,1088715,7.120
2015,FEI5,De Blasio,16,Prix St. Georges,Yes,1107907,6.992
2015,USEF4,Tiko,1,I-2,Yes,1113252,8.064
2015,USEF4,Generosa S,2,Prix St. Georges,No,1103272,7.792
2015,USEF4,Donatella M,3,Grand Prix,Yes,1104727,7.720
2015,USEF4,Gladstone,4,Third Level,No,1112114,7.612
2015,USEF4,Angela's Angel,5,Second Level,No,1112374,7.516
2015,USEF4,Galactic Sky,6,First Level,No,1111624,7.452
2015,USEF4,Diamond Lady MF,7,USEF 4 Year Old,No,1092762,7.264
2015,USEF4,Heartsong,7,Third Level,No,1112002,7.264
2015,USEF4,Dublin L,9,Grand Prix,No,1113401,7.256
2015,USEF4,Guardian,10,USEF 4 Year Old,No,1077942,6.964
2015,USEF4,Frigga,11,USEF 4 Year Old,No,1111448,6.955
2015,USEF4,Benettona,12,Prix St. Georges,No,1111363,6.768
2016,DHGP,Sunshine Tour,1,Grand Prix,Yes,1096664,66.916
2016,DHGP,Clapton JP,2,Grand Prix,Yes,1089653,66.040
2016,DHGP,Highschool MCF,3,Grand Prix,No,1084636,63.749
2016,DHGP,Sir Velo,4,Grand Prix,Yes,1084380,63.048
2016,DHGP,Elfenperfekt,5,Grand Prix,Yes,1060608,62.839
2016,DHGP,Doctor Wendell MF,6,Grand Prix,Yes,1075318,62.636
2016,DHGP,Showdown,7,Grand Prix,No,1081615,61.008
2016,DHGP,Bon De Niro P,8,Grand Prix,Yes,1084255,57.695
2016,DHPSG,Horizon,1,Grand Prix,Yes,1091221,74.271
2016,DHPSG,Fashion Designer OLD,2,I-2,No,1101394,70.439
2016,DHPSG,Quincy,3,Grand Prix,Yes,1100548,70.428
2016,DHPSG,Summersby,4,Grand Prix,Yes,1095742,70.322
2016,DHPSG,Gallant Reflection HU,5,I-2,Yes,1111191,69.926
2016,DHPSG,Cambria,6,Grand Prix,Yes,1104231,68.896
2016,DHPSG,Emilion SA,7,Grand Prix,No,1103853,68.624
2016,DHPSG,Sir Sherlock,8,I-1,Yes,1081616,68.480
2016,DHPSG,Finesse,9,Grand Prix,Yes,1100544,68.287
2016,DHPSG,Sueno Hit,10,Grand Prix,Yes,1101035,67.852
2016,DHPSG,Hero L,11,Grand Prix,No,1109737,67.523
2016,DHPSG,Dalina DG,12,Grand Prix,Yes,1096125,67.304
2016,DHPSG,Floretienne,13,Grand Prix,Yes,1101450,67.234
2016,DHPSG,Davanna,14,I-1,No,1097640,63.778
2016,FEI6,Lucky Strike,1,I-1,Yes,1106541,8.604
2016,FEI6,Don Cesar,2,I-2,Yes,1112077,8.436
2016,FEI6,Sternlicht Hilltop,3,Grand Prix,No,1087284,8.028
2016,FEI6,Figaro H,4,Grand Prix,Yes,1107460,7.784
2016,FEI6,Leviana,5,Grand Prix,No,1107738,7.508
2016,FEI6,Willow,6,I-2,No,1094006,7.300
2016,FEI6,Fidens,7,Grand Prix,Yes,1116122,7.172
2016,FEI6,Siri,8,Grand Prix,Yes,1117554,7.048
2016,FEI6,Flavius MF,9,I-2,Yes,1088715,6.740
2016,FEI6,Wind Phaerie HU,10,Prix St. Georges,No,1089781,6.528
2016,FEI6,De Blasio,11,Prix St. Georges,Yes,1107907,6.458
2016,FEI6,Silberpfeil,12,Grand Prix,Yes,1106756,2.888
2016,FEI6,Fling,13,Fourth Level,No,1117170,2.856
2016,FEI5,Desario,1,Grand Prix,Yes,1114503,8.824
2016,FEI5,Giuliano B,2,Prix St. Georges,No,1117396,8.484
2016,FEI5,Sir Amour,3,Grand Prix,Yes,1117254,8.260
2016,FEI5,Chancellor,4,Fourth Level,No,1116831,7.906
2016,FEI5,Au Revoir,5,Grand Prix,Yes,1118783,7.548
2016,FEI5,Dante Coeur,6,Grand Prix,No,1108705,7.716
2016,FEI5,Hannigan L,7,I-1,No,1113408,7.375
2016,FEI5,Gaspard de la Nuit,8,Prix St. Georges,No,1098605,7.328
2016,FEI5,Furstin Delia,9,Grand Prix,No,1113791,7.228
2016,FEI5,Gladstone,10,Third Level,No,1112114,7.209
2016,FEI5,Delta L,11,Third Level,No,1113399,7.192
2016,FEI5,Gerona,12,Third Level,No,1119709,6.848
2016,FEI5,Rebecca RSL,13,Fourth Level,No,1114206,6.680
2016,USEF4,Habanero CWS,1,I-1,No,1115739,8.256
2016,USEF4,Hero BHS,2,I-2,No,1119209,8.208
2016,USEF4,Won Million,3,First Level,No,1110136,7.992
2016,USEF4,Hotshot,4,I-2,Yes,1117466,7.782
2016,USEF4,Harvard R,5,I-1,Yes,1117279,7.740
2016,USEF4,Hartog,6,I-1,Yes,1118603,7.708
2016,USEF4,Fine Art,7,I-1,No,1118906,7.680
2016,USEF4,Darkstar,8,FEI 5 Year Old,No,1118836,7.600
2016,USEF4,Hotstreak CF,9,Prix St. Georges,No,1115824,7.448
2016,USEF4,David Bowie MF,10,I-1,Yes,1098166,7.368
2016,USEF4,Romeo,11,I-1,Yes,1098548,7.289
2016,USEF4,Harrison SGS,12,Second Level,No,1105320,6.891
2016,USEF4,Florentius,13,Fourth Level,No,1109794,6.760
2016,USEF4,Jagger,14,Prix St. Georges,Yes,1111241,3.048
2017,DHGP,Fashion Designer OLD,1,I-2,No,1101394,67.299
2017,DHGP,Freedom,2,Grand Prix,Yes,1081974,66.680
2017,DHGP,Adiah HP,3,Grand Prix,Yes,1107266,66.362
2017,DHGP,La Belladonna,4,I-2,Yes,1099661,65.602
2017,DHGP,Ripline,5,Grand Prix,Yes,1077952,65.577
2017,DHGP,Qredit Hilltop,6,Grand Prix,Yes,1075748,65.355
2017,DHGP,Police,7,Grand Prix,Yes,1095800,64.680
2017,DHGP,Kynynmont Gunsmoke's Gideon,8,Grand Prix,Yes,1094343,64.292
2017,DHGP,Quantum Jazz,9,Grand Prix,Yes,1101462,62.108
2017,DHGP,Sir Lommel,10,Grand Prix,Yes,1111516,61.205
2017,DHPSG,Frankie,1,Grand Prix,Yes,1107055,70.075
2017,DHPSG,Lucky Strike,2,I-1,Yes,1106541,69.820
2017,DHPSG,Rosalut NHF,3,Grand Prix,Yes,1089931,69.410
2017,DHPSG,Drake,4,I-1,No,1096936,68.947
2017,DHPSG,Faro SQF,5,Grand Prix,Yes,1088446,68.710
2017,DHPSG,Fizau,6,Grand Prix,No,1101749,68.312
2017,DHPSG,Fifi MLW,7,Grand Prix,Yes,1085204,67.807
2017,DHPSG,Flavius MF,8,I-2,Yes,1088715,67.742
2017,DHPSG,Fackeltrager,9,I-2,No,1101320,67.437
2017,DHPSG,Hemmingway,10,I-1,No,1075520,67.241
2017,DHPSG,Faberge Blue,11,Grand Prix,Yes,1107486,66.885
2017,DHPSG,Sternlicht Hilltop,12,Grand Prix,No,1087284,66.714
2017,DHPSG,Dimora SCF,13,Grand Prix,Yes,1080083,65.000
2017,DHPSG,Derk,14,Grand Prix,Yes,1113787,64.744
2017,DHPSG,Ellert HB,15,Grand Prix,Yes,1101296,63.926
2017,FEI6,Ravenna,1,Grand Prix,Yes,1118634,8.164
2017,FEI6,Flyby FLF,2,I-1,Yes,1118229,7.908
2017,FEI6,Finery,3,Prix St. Georges,No,1121907,7.600
2017,FEI6,Sir Amour,4,Grand Prix,Yes,1117254,7.432
2017,FEI6,Gaston TF,5,I-1,Yes,1118565,7.324
2017,FEI6,Fauna,6,I-2,Yes,1117540,7.268
2017,FEI6,Deimos 4,7,Prix St. Georges,No,1123314,7.244
2017,FEI6,G Force W,8,I-2,No,123276,7.232
2017,FEI6,Furstentanz,9,Grand Prix,Yes,1112079,7.172
2017,FEI6,Les Paul,10,Fourth Level,No,1112468,6.952
2017,FEI6,Chancellor,11,Fourth Level,No,1116831,6.928
2017,FEI6,Au Revoir,12,Grand Prix,Yes,1118783,6.916
2017,FEI6,Grapjas,13,Prix St. Georges,No,1124971,6.763
2017,FEI6,Camomila MCD,14,Prix St. Georges,No,1102818,6.760
2017,FEI5,Darius 555,1,I-1,Yes,1122542,7.748
2017,FEI5,Quintess,2,Prix St. Georges,No,1121638,7.684
2017,FEI5,Habanero CWS,3,I-1,No,1115739,7.636
2017,FEI5,Furstentusch N,4,Third Level,No,1123209,7.576
2017,FEI5,Hotshot,5,I-2,Yes,1117466,7.516
2017,FEI5,Harvard R,6,I-1,Yes,1117279,7.504
2017,FEI5,Bellisambrosso RTH,7,Prix St. Georges,No,1108592,7.460
2017,FEI5,High Five,8,Grand Prix,No,1124138,7.368
2017,FEI5,Sandeman,9,I-2,No,1121959,7.348
2017,FEI5,Darkstar,10,FEI 5 Year Old,No,1118836,7.305
2017,FEI5,Rossi,11,Grand Prix,Yes,1118112,7.304
2017,FEI5,Rosette B,12,I-1,Yes,1117432,7.216
2017,FEI5,Hotstreak CF,13,Prix St. Georges,No,1115824,7.128
2017,FEI5,Elfenspiel,14,Third Level,No,1121076,2.904
2017,USEF4,Serenade MF,1,Grand Prix,Yes,1103046,8.464
2017,USEF4,Fairouz,2,Fourth Level,No,1126073,8.192
2017,USEF4,Celebration,3,USEF 4 Year Old,No,1110260,8.020
2017,USEF4,Inferno M,4,Prix St. Georges,No,1125223,7.796
2017,USEF4,Debonair MF,5,Fourth Level,No,1103018,7.692
2017,USEF4,SenSation HW,6,I-2,Yes,1122443,7.472
2017,USEF4,Ronin,7,I-2,No,1117796,7.444
2017,USEF4,Friedrich,8,Third Level,No,1125516,7.088
2017,USEF4,Indorado,9,Second Level,No,1124896,7.044
2017,USEF4,Herzchampionate,10,Third Level,No,1115130,6.912
2017,USEF4,Icarus TF,11,FEI Junior,No,1124184,6.884
2017,USEF4,C.H.E's Furst Intention,12,USEF 4 Year Old,No,1125344,6.948
2017,USEF4,Flirt,13,Third Level,No,1120160,6.852
2017,USEF4,NT Phantom Valor,14,I-1,No,1105583,6.844
2018,DHGP,Bailarino,1,Grand Prix,Yes,1111543,68.635
2018,DHGP,Candescent,2,Grand Prix,Yes,1108912,66.285
2018,DHGP,Sir Steinerman,3,Grand Prix,No,1096602,65.077
2018,DHGP,Quantum Jazz,4,Grand Prix,Yes,1101462,65.047
2018,DHGP,Floretienne,5,Grand Prix,Yes,1101450,65.000
2018,DHGP,Kynynmont Gunsmoke's Gideon,6,Grand Prix,Yes,1094343,64.773
2018,DHGP,Qredit Hilltop,7,Grand Prix,Yes,1075748,64.529
2018,DHGP,Faolan,8,Grand Prix,Yes,1102403,64.388
2018,DHGP,Wynston,9,Grand Prix,Yes,1099517,64.187
2018,DHGP,Fackeltrager,10,I-2,No,1101320,62.639
2018,DHGP,Shaken Not Stirred,11,I-2,No,1107386,62.008
2018,DHGP,Fivestar,12,I-2,Yes,1096938,60.617
2018,DHGP,Elijas Trubador MGF,13,Grand Prix,No,1093748,58.788
2018,DHPSG,Lucky Strike,1,I-1,Yes,1106541,73.264
2018,DHPSG,Straight Horse Zackonik,2,Grand Prix,Yes,1116749,71.039
2018,DHPSG,Au Revoir,3,Grand Prix,Yes,1118783,70.608
2018,DHPSG,Domani,4,Grand Prix,Yes,1114819,70.402
2018,DHPSG,Don Cesar,5,I-2,Yes,1112077,70.235
2018,DHPSG,Sternlicht Hilltop,6,Grand Prix,No,1087284,69.745
2018,DHPSG,Pik L's Donabella HU,7,I-2,No,1099805,69.637
2018,DHPSG,Deimos 4,8,Prix St. Georges,No,1123314,69.422
2018,DHPSG,Encore,9,Grand Prix,Yes,1101447,68.705
2018,DHPSG,Fein Tanzer,10,I-2,No,1119317,67.902
2018,DHPSG,Davos MCF,11,I-1,No,1104371,67.892
2018,DHPSG,Rapson,12,I-2,No,1090131,67.696
2018,DHPSG,Figaro H,13,Grand Prix,Yes,1107460,66.696
2018,DHPSG,Fidens,14,Grand Prix,Yes,1116122,66.245
2018,FEI6,Habanero CWS,1,I-1,No,1115739,8.980
2018,FEI6,Sandeman,2,I-2,No,1121959,8.672
2018,FEI6,Sir Beckmann,3,Prix St. Georges,No,1121871,8.540
2018,FEI6,Harvest,4,Grand Prix,No,1120136,8.328
2018,FEI6,Balia,5,Grand Prix,Yes,1131004,8.208
2018,FEI6,Francis HW,6,Grand Prix,No,1120680,8.140
2018,FEI6,Helle Belle Norene,7,Third Level,No,1128957,8.068
2018,FEI6,Quintess,2,Prix St. Georges,No,1121638,7.840
2018,FEI6,Hartog,9,I-1,Yes,1118603,7.826
2018,FEI6,High Five,10,Grand Prix,No,1124138,7.652
2018,FEI6,Hannah Anda S,11,I-1,No,1118994,7.644
2018,FEI6,Harvard R,12,I-1,Yes,1117279,7.612
2018,FEI6,Rosette B,13,I-1,Yes,1117432,7.598
2018,FEI6,Elfenspiel,14,Third Level,No,1121076,7.504
2018,FEI6,Hotshot,15,I-2,Yes,1117466,2.920
2018,FEI5,SenSation HW,1,I-2,Yes,1122443,8.712
2018,FEI5,Fairouz,2,Fourth Level,No,1126073,8.540
2018,FEI5,Iquem,3,I-2,Yes,1123765,8.463
2018,FEI5,Furstin P,4,FEI 5 Year Old,No,1127334,8.143
2018,FEI5,Flash Dance,5,FEI 6 Year Old,No,1129216,8.072
2018,FEI5,Serenade MF,6,Grand Prix,Yes,1103046,8.052
2018,FEI5,I'm All In,7,FEI 7 Year Old,No,1129521,7.936
2018,FEI5,Irintha,8,I-2,Yes,1131348,7.831
2018,FEI5,Ronin,9,I-2,No,1117796,7.824
2018,FEI5,Romulus,10,Prix St. Georges,Yes,1123514,7.764
2018,FEI5,Supremont,11,I-1,Yes,1126105,7.668
2018,FEI5,Don Noblesse,12,Fourth Level,No,1132606,7.480
2018,FEI5,Infinity,13,I-2,Yes,1129840,7.423
2018,FEI5,Ilario,14,I-1,No,1123858,7.388
2018,FEI5,MW I'm the Lady Texel,15,Prix St. Georges,No,1104181,7.012
2018,USEF4,Sole Mio,1,Grand Prix,Yes,1129247,8.576
2018,USEF4,Jagger,2,I-2,No,1131458,8.320
2018,USEF4,Jupiter,3,USEF 4 Year Old,No,1131021,8.148
2018,USEF4,Daily Show,4,I-2,Yes,1129195,8.108
2018,USEF4,Jaliska,5,Fourth Level,No,1130479,7.980
2018,USEF4,Figaro,6,I-1,Yes,1128636,7.936
2018,USEF4,Caelius,7,Third Level,No,1131500,7.852
2018,USEF4,MSJ Celebrity,8,Prix St. Georges,No,1130377,7.776
2018,USEF4,Davos CF,9,FEI 5 Year Old,No,1110329,7.696
2018,USEF4,Oliana FFF,10,Third Level,No,1129931,7.620
2018,USEF4,Doblesse,11,Second Level,No,1131543,7.584
2018,USEF4,Der Swarovski,12,USEF 4 Year Old,No,1130682,7.516
2018,USEF4,Jhocolate R,13,Third Level,No,1116242,7.479
2018,USEF4,Genesis,14,Third Level,No,1132707,7.016
2019,DHGP,Ferano,1,Grand Prix,Yes,1117541,70.041
2019,DHGP,Candescent,2,Grand Prix,Yes,1108912,69.722
2019,DHGP,Faolan,3,Grand Prix,Yes,1102403,68.644
2019,DHGP,Floretienne,4,Grand Prix,Yes,1101450,68.492
2019,DHGP,Quantum Jazz,5,Grand Prix,Yes,1101462,67.121
2019,DHGP,Fifi MLW,6,Grand Prix,Yes,1085204,67.119
2019,DHGP,Vashti,7,Grand Prix,No,1107698,66.731
2019,DHGP,Eragon VO,8,Grand Prix,Yes,1134244,66.064
2019,DHGP,Wynston,9,Grand Prix,Yes,1099517,64.849
2019,DHGP,Hello Halli,10,Grand Prix,Yes,1103714,64.625
2019,DHGP,Rapson,11,I-2,No,1090131,63.010
2019,DHGP,Ellert HB,12,Grand Prix,Yes,1101296,62.429
2019,DHGP,El Xeiquio,13,Grand Prix,No,1134638,60.854
2019,DHGP,Faberge Blue,14,Grand Prix,Yes,1107486,25.666
2019,DHGP,Pik L's Donabella HU,15,I-2,No,1099805,23.254
2019,DHPSG,Damon's Fantasy,1,I-2,Yes,1117163,72.598
2019,DHPSG,Java Dulce,2,Grand Prix,Yes,1112447,72.019
2019,DHPSG,Gorgeous,3,I-2,Yes,1129954,70.828
2019,DHPSG,Fenomenal JW,4,I-2,Yes,1123934,70.290
2019,DHPSG,Don Cesar,5,I-2,Yes,1112077,70.023
2019,DHPSG,Au Revoir,6,Grand Prix,Yes,1118783,69.800
2019,DHPSG,Duchess L,7,Grand Prix,Yes,1113402,69.541
2019,DHPSG,MW Feinermark,8,Grand Prix,Yes,1091745,69.239
2019,DHPSG,Flavius MF,9,I-2,Yes,1088715,68.781
2019,DHPSG,Fauna,10,I-2,Yes,1117540,68.347
2019,DHPSG,Grandiose,11,I-A,Yes,1133212,68.099
2019,DHPSG,Deimos 4,12,Prix St. Georges,No,1123314,68.091
2019,DHPSG,Sternlicht Hilltop,13,Grand Prix,No,1087284,67.949
2019,DHPSG,Silberpfeil,14,Grand Prix,Yes,1106756,66.973
2019,DHPSG,Damon's Design HW,15,Grand Prix,Yes,1107878,62.190
2019,FEI6,SenSation HW,1,I-2,Yes,1122443,8.692
2019,FEI6,Fairouz,2,Fourth Level,No,1126073,8.384
2019,FEI6,I'm All In,3,FEI 7 Year Old,No,1129521,8.344
2019,FEI6,Servus Ymas,4,Grand Prix,Yes,1134446,8.292
2019,FEI6,Ion SWF,5,Prix St. Georges,No,1104889,7.976
2019,FEI6,WEC's Senor Rubinstein,6,Grand Prix,Yes,1124842,7.924
2019,FEI6,Irintha,7,I-2,Yes,1131348,7.919
2019,FEI6,MW Ave Maria,8,I-2,No,1104760,7.892
2019,FEI6,Serenade MF,9,Grand Prix,Yes,1103046,7.864
2019,FEI6,Reine Noire GWF,10,I-1,Yes,1130492,7.848
2019,FEI6,Idano,11,Third Level,No,1135422,7.792
2019,FEI6,Santa Barbara DASH,12,I-2,Yes,1126753,7.752
2019,FEI6,Fontaine MF,13,Prix St. Georges,No,1103175,7.668
2019,FEI6,MW Cilla Amour,14,Prix St. Georges,No,1104928,7.552
2019,FEI6,Supremont,15,I-1,Yes,1126105,7.464
2019,FEI5,Sole Mio,1,Grand Prix,Yes,1129247,9.056
2019,FEI5,Jagger,2,I-2,No,1131458,8.356
2019,FEI5,Jida Selly A,3,I-2,No,1136218,8.136
2019,FEI5,Figaro,4,I-1,Yes,1128636,7.800
2019,FEI5,Jhocolate R,5,Third Level,No,1116242,7.768
2019,FEI5,Spirit of Joy,6,I-2,No,1135952,7.692
2019,FEI5,Floris King,7,FEI 5 Year Old,No,1131719,7.665
2019,FEI5,Davos CF,8,FEI 5 Year Old,No,1110329,7.556
2019,FEI5,Jagger DG,9,Prix St. Georges,Yes,1130221,7.484
2019,FEI5,Heirendale SBF,10,Prix St. Georges,No,1136700,7.420
2019,FEI5,Jjaguar B,11,I-1,No,1129403,7.388
2019,FEI5,Fabulous Lady,12,FEI 5 Year Old,No,1136425,7.312
2019,FEI5,MSJ Celebrity,13,Prix St. Georges,No,1130377,7.240
2019,FEI5,Jett MVS,14,I-2,Yes,1130539,3.016
2019,USEF4,Sonnenberg's Kain,1,Fourth Level,No,1136254,8.388
2019,USEF4,Summersby II,2,I-2,No,1133414,8.180
2019,USEF4,Kitalis MVS,3,First Level,No,1137003,8.076
2019,USEF4,Leon De Matecana,4,Prix St. Georges,Yes,1134600,7.967
2019,USEF4,Kasanova DG,5,Fourth Level,No,1137214,7.772
2019,USEF4,Kayenne CWS,6,Fourth Level,No,1134245,7.704
2019,USEF4,Fellini CF,7,FEI 7 Year Old,No,1136134,7.614
2019,USEF4,Karmelo R,8,Fourth Level,No,1131185,7.552
2019,USEF4,Royal Heiress,9,Second Level,No,1130730,7.504
2019,USEF4,Koning DG,10,Fourth Level,No,1135949,7.471
2019,USEF4,Francisco,11,Prix St. Georges,No,1132814,7.452
2019,USEF4,Killian TF,12,Fourth Level,No,1124195,7.396
2019,USEF4,Finch Hatton EDI,13,Prix St. Georges,No,1134827,7.336
2019,USEF4,Knockout SSF,14,First Level,No,1129356,7.328
2020,DHGP,Donatella M,1,Grand Prix,Yes,1104727,72.103
2020,DHGP,Harvest,2,Grand Prix,No,1120136,69.183
2020,DHGP,Don Cesar,3,I-2,Yes,1112077,66.595
2020,DHGP,Gronskovlunds Romeeo,4,I-2,No,1131590,66.264
2020,DHGP,Friend,5,I-A,Yes,1120308,65.670
2020,DHGP,Flavius MF,6,I-2,Yes,1088715,65.663
2020,DHGP,Figaro H,7,Grand Prix,Yes,1107460,64.191
2020,DHGP,Sundance,8,Grand Prix,No,1104788,62.933
2020,DHGP,Fire Fly,9,Grand Prix,Yes,1132642,62.448
2020,DHGP,MW Feinermark,10,Grand Prix,Yes,1091745,62.370
2020,DHGP,Bardolino,11,Grand Prix,Yes,1134488,61.857
2020,DHGP,Fifinella GCF,12,I-2,Yes,1111283,61.476
2020,DHPSG,Stenagers Wyatt Earp,1,Grand Prix,Yes,1135170,72.076
2020,DHPSG,Hartog,2,I-1,Yes,1118603,70.750
2020,DHPSG,MW Ave Maria,3,I-2,No,1104760,70.363
2020,DHPSG,Infinity,4,I-2,Yes,1129840,69.780
2020,DHPSG,Sir Amour,5,Grand Prix,Yes,1117254,69.770
2020,DHPSG,Fashion Week,6,I-1,Yes,1134979,69.628
2020,DHPSG,Sandeman,7,I-2,No,1121959,69.184
2020,DHPSG,Harvard,8,Grand Prix,Yes,1129504,69.152
2020,DHPSG,TS Sir Beckmann,9,Prix St. Georges,No,1121871,68.981
2020,DHPSG,Imposant MC,10,Grand Prix,Yes,1139755,67.968
2020,DHPSG,Balia,11,Grand Prix,Yes,1131004,67.860
2020,DHPSG,Dehavilland,12,Prix St. Georges,No,1112032,67.774
2020,DHPSG,Venivici,13,I-2,Yes,1113029,67.689
2020,DHPSG,Flash Gordon HF,14,I-1,No,1118740,66.588
2020,DHPSG,MW Cilla Amour,15,Prix St. Georges,No,1104928,65.060
2020,FEI6,Spirit of Joy,1,I-2,No,1135952,8.792
2020,FEI6,Joppe K,2,Grand Prix,Yes,1140163,8.068
2020,FEI6,Baltasar De Ymas,3,I-1,Yes,1140298,7.992
2020,FEI6,Jagger,4,I-2,No,1131458,7.856
2020,FEI6,Fortunata,5,Prix St. Georges,No,1142211,7.476
2020,FEI6,Justice OF,6,FEI 6 Year Old,No,1130400,7.376
2020,FEI6,Jjaguar B,7,I-1,No,1129403,7.368
2020,FEI6,Hermes BRH,8,Prix St. Georges,No,1140899,7.356
2020,FEI6,Absolute Dream,9,I-2,No,1131055,7.324
2020,FEI6,Julinda M,9,Prix St. Georges,No,1130201,7.324
2020,FEI6,Dark Knight,11,I-1,Yes,1141559,7.308
2020,FEI6,Sijam,12,Prix St. Georges,No,1137199,6.960
2020,FEI6,Jackpot Royal,13,Fourth Level,No,1141986,6.804
2020,FEI5,Easy Di Fonteabeti Ymas,1,FEI 5 Year Old,No,1139466,8.154
2020,FEI5,Summersby II,2,I-2,No,1133414,8.079
2020,FEI5,Sonnenberg's Kain,3,Fourth Level,No,1136254,7.628
2020,FEI5,Lovely Leni,4,Third Level,No,1141080,7.580
2020,FEI5,Dionysus MF,5,Third Level,No,1114505,7.552
2020,FEI5,Killian TF,6,Fourth Level,No,1124195,7.412
2020,FEI5,Kiriska,7,FEI 5 Year Old,No,1132866,7.400
2020,FEI5,Furstenbelle,8,Third Level,No,1131180,7.396
2020,FEI5,Kyro,9,I-1,No,1133080,7.332
2020,FEI5,Kayla,10,Third Level,No,1140885,7.312
2020,FEI5,Shanahan,11,I-1,Yes,1141367,7.212
2020,FEI5,Kayman,12,I-1,No,1135697,7.180
2020,FEI5,Ynze fan Vels,13,Prix St. Georges,No,1138055,7.124
2020,FEI5,Royal Heiress,14,Second Level,No,1130730,2.944
2020,USEF4,Gjenganger,1,FEI 6 Year Old,No,1137970,8.660
2020,USEF4,Glory Day,2,I-1,Yes,1141214,8.559
2020,USEF4,Flambeau,3,FEI 5 Year Old,No,1141983,8.184
2020,USEF4,MW Bodacious,4,FEI 5 Year Old,No,1121957,8.140
2020,USEF4,Lalique,5,USEF 4 Year Old,No,1141989,8.084
2020,USEF4,Saladine STC,6,I-1,No,1141692,8.040
2020,USEF4,Lyamora,7,USEF 4 Year Old,No,1141174,7.972
2020,USEF4,San Sebastian,8,First Level,No,1140396,7.920
2020,USEF4,Floyd EDI,9,Third Level,No,1141520,7.872
2020,USEF4,Lucian BHS,10,First Level,No,1141781,7.848
2020,USEF4,Rowena SW,11,Second Level,No,1141884,7.796
2020,USEF4,MW Weissgold,12,Prix St. Georges,No,1141945,7.724
2020,USEF4,Liang,13,Fourth Level,No,1141874,7.696
2020,USEF4,Bedelia,14,Fourth Level,No,1142095,7.672
2020,USEF4,Leanora AOF,15,USEF 4 Year Old,No,1141823,7.412
2021,DHGP,Serenade MF,1,Grand Prix,Yes,1103046,75.519
2021,DHGP,Harvest,2,Grand Prix,No,1120136,71.688
2021,DHGP,Java Dulce,3,Grand Prix,Yes,1112447,71.241
2021,DHGP,Paxton,4,Grand Prix,Yes,1134356,71.152
2021,DHGP,Au Revoir,5,Grand Prix,Yes,1118783,66.883
2021,DHGP,Imposant MC,6,Grand Prix,Yes,1139755,66.401
2021,DHGP,Guernsey Elvis,7,Grand Prix,Yes,1134641,66.233
2021,DHGP,Tokayer,8,Grand Prix,Yes,1116784,64.888
2021,DHGP,RS Damon,9,I-2,No,1137137,64.419
2021,DHGP,Fortissimo SQF,10,Grand Prix,No,1116892,63.802
2021,DHGP,Ramora CF,11,Grand Prix,No,1099508,62.384
2021,DHGP,Nikolas,12,Grand Prix,Yes,1106138,61.596
2021,DHPSG,Daily Show,1,I-2,Yes,1129195,74.504
2021,DHPSG,I Felix,2,I-1,Yes,1126961,72.158
2021,DHPSG,Sole Mio,3,Grand Prix,Yes,1129247,72.003
2021,DHPSG,Florisson,4,I-1,No,1123137,71.652
2021,DHPSG,Iquem,5,I-2,Yes,1123765,71.212
2021,DHPSG,Figaro,6,I-1,Yes,1128636,70.591
2021,DHPSG,Spirit of Joy,7,I-2,No,1135952,70.050
2021,DHPSG,Ballando,8,Grand Prix,No,1144296,69.456
2021,DHPSG,Belloona,9,I-1,Yes,1129997,69.319
2021,DHPSG,Ichiban,10,I-1,Yes,1128125,68.463
2021,DHPSG,Supremont,11,I-1,Yes,1126105,68.167
2021,DHPSG,Irintha,12,I-2,Yes,1131348,67.725
2021,DHPSG,Ronin,13,I-2,No,1117796,66.529
2021,DHPSG,WEC's Senor Rubinstein,14,Grand Prix,Yes,1124842,26.509
2021,DHPSG,Atterupgaards Belafonte,15,I-1,Yes,1145410,26.490
2021,FEI6,Sonata MF,1,I-1,Yes,1114533,8.148
2021,FEI6,Delilah,2,Prix St. Georges,No,1135525,8.024
2021,FEI6,Summersby II,3,I-2,No,1133414,7.912
2021,FEI6,San Raphaella LS,4,FEI 6 Year Old,No,1137953,7.852
2021,FEI6,Fanta 4,5,Prix St. Georges,No,1142361,7.780
2021,FEI6,Fellowship CCW,6,Prix St. Georges,No,1137582,7.416
2021,FEI6,Birdie 10,7,I-1,Yes,1145967,7.264
2021,FEI6,Dionysus MF,8,Third Level,No,1114505,7.240
2021,FEI6,Debonaire,9,I-1,No,1142355,7.112
2021,FEI6,Kolbaba,10,Fourth Level,No,1137344,7.048
2021,FEI6,Ayo Windberg,11,Third Level,No,1143213,7.008
2021,FEI6,Shanahan,12,I-1,Yes,1141367,6.960
2021,FEI6,Fuerte Ventura IR,13,I-1,No,1146964,6.948
2021,FEI6,Fairmont,14,Fourth Level,No,1142105,6.884
2021,FEI5,Glory Day,1,I-1,Yes,1141214,9.518
2021,FEI5,Vianne,2,Fourth Level,No,1140513,8.964
2021,FEI5,Mollegardens Fashion,3,FEI 7 Year Old,No,1144566,8.700
2021,FEI5,Gjenganger,4,FEI 6 Year Old,No,1137970,8.604
2021,FEI5,Flambeau,5,FEI 5 Year Old,No,1141983,8.316
2021,FEI5,Mani's Endeavor,6,Prix St. Georges,No,1136141,7.920
2021,FEI5,MW Weissgold,7,Prix St. Georges,No,1141945,7.836
2021,FEI5,Saladine STC,8,I-1,No,1141692,7.688
2021,FEI5,Black Velvet,9,FEI 5 Year Old,No,1142069,7.364
2021,FEI5,La Formidable B,10,Third Level,No,1145812,7.356
2021,FEI5,Looney Tunes,11,Second Level,No,1144914,7.278
2021,FEI5,Talladega B,12,Fourth Level,No,1139633,7.176
2021,FEI5,Bedelia,13,Fourth Level,No,1142095,7.092
2021,FEI5,Qunique N,14,Fourth Level,No,1140925,6.900
2021,USEF4,Fontenay,1,FEI 6 Year Old,No,1147538,8.760
2021,USEF4,Ierland's Eden,2,FEI 5 Year Old,No,1144998,8.616
2021,USEF4,MW Furstencharmant,3,FEI 6 Year Old,No,1133722,8.392
2021,USEF4,It's Showtime,4,Third Level,No,1146272,8.072
2021,USEF4,Dante Rubin M.R.,5,Fourth Level,No,1146715,7.976
2021,USEF4,Maximus,6,FEI 5 Year Old,No,1147948,7.879
2021,USEF4,Manhattan,7,Third Level,No,1145798,7.760
2021,USEF4,MW Marcario,8,USEF 4 Year Old,No,1142119,7.752
2021,USEF4,Materos JV,9,USEF 4 Year Old,No,1143851,7.740
2021,USEF4,Saint de Luce,10,FEI 5 Year Old,No,1144881,7.708
2021,USEF4,Mojito,11,Fourth Level,No,1145237,7.632
2021,USEF4,Fiorenza,12,Third Level,No,1146265,7.596
2021,USEF4,Revanali YF,13,First Level,No,1145338,7.568
2021,USEF4,Duke of Tryon,14,Third Level,No,1131151,7.556
2021,USEF4,Don Hannes,15,Third Level,No,1146255,7.510
2022,DHGP,Harrold S,1,Grand Prix,Yes,1125222,69.942
2022,DHGP,Jane,2,I-2,Yes,1130478,69.324
2022,DHGP,Spirit of Joy,3,I-2,No,1135952,68.966
2022,DHGP,Sole Mio,4,Grand Prix,Yes,1129247,68.569
2022,DHGP,Vamos,5,Grand Prix,No,1135488,66.771
2022,DHGP,Amillion FS,6,I-2,No,1149691,65.926
2022,DHGP,Harvard,7,Grand Prix,Yes,1129504,65.527
2022,DHGP,Infinity,8,I-2,Yes,1129840,65.443
2022,DHGP,High Five,9,Grand Prix,No,1124138,64.050
2022,DHPSG,Johnny Be Goode,1,I-1,No,1142011,73.223
2022,DHPSG,Ronin,2,I-2,No,1117796,71.211
2022,DHPSG,Jett MVS,3,I-2,Yes,1130539,68.642
2022,DHPSG,Iron Lady,4,I-1,No,1141001,68.374
2022,DHPSG,Inigo Montoya,5,I-1,No,1124615,67.870
2022,DHPSG,MSJ Celebrity,6,Prix St. Georges,No,1130377,67.637
2022,DHPSG,Absolute Dream,7,I-2,No,1131055,67.339
2022,DHPSG,Incredible Jacky,8,I-2,No,1136100,67.260
2022,DHPSG,Zaphira,9,Prix St. Georges,No,1134154,66.337
2022,DHPSG,Santa Barbara DASH,10,I-2,Yes,1126753,65.487
2022,FEI7,King's Pleasure,1,I-1,Yes,1149631,78.294
2022,FEI7,Fanta 4,2,Prix St. Georges,No,1142361,76.181
2022,FEI7,Sonata MF,3,I-1,Yes,1114533,75.991
2022,FEI7,Fade to Black,4,Prix St. Georges,No,1150968,75.338
2022,FEI7,Summersby II,5,I-2,No,1133414,74.760
2022,FEI7,Delilah,6,Prix St. Georges,No,1135525,74.028
2022,FEI7,Olympic Star M.R.,7,Grand Prix,No,1144490,70.841
2022,FEI7,Nova,8,I-1,Yes,1152137,70.716
2022,FEI7,Vioretta,9,Prix St. Georges,No,1150417,70.670
2022,FEI7,Kensington,10,Prix St. Georges,No,1142405,70.258
2022,FEI7,Debonaire,11,I-1,No,1142355,68.338
2022,FEI7,Gold Play,12,I-1,Yes,1141984,67.974
2022,FEI7,Shanahan,13,I-1,Yes,1141367,67.519
2022,FEI7,Karamba,14,Prix St. Georges,No,1144091,27.678
2022,FEI6,Mollegardens Fashion,1,FEI 7 Year Old,No,1144566,8.348
2022,FEI6,Lionell VE,2,FEI 7 Year Old,No,1149470,8.180
2022,FEI6,Gjenganger,3,FEI 6 Year Old,No,1137970,8.084
2022,FEI6,Glory Day,4,I-1,Yes,1141214,7.952
2022,FEI6,MW Weissgold,5,Prix St. Georges,No,1141945,7.924
2022,FEI6,Lion Heart,6,FEI 7 Year Old,No,1148679,7.736
2022,FEI6,Altitude's Sonegro PS,7,Prix St. Georges,No,1142746,7.720
2022,FEI6,Leviathan,8,Fourth Level,No,1140184,7.604
2022,FEI6,R U 4 Me,9,Prix St. Georges,No,1132508,7.564
2022,FEI6,Talladega B,10,Fourth Level,No,1139633,7.560
2022,FEI6,Franzsis HSR,11,Prix St. Georges,No,1141869,7.504
2022,FEI6,Qunique N,12,Fourth Level,No,1140925,7.364
2022,FEI6,Bruce Springsteen MF,13,Prix St. Georges,No,1127216,7.292
2022,FEI6,Leeloo Dallas,14,Prix St. Georges,No,1137768,7.272
2022,FEI5,Valor,1,Third Level,No,1150257,9.248
2022,FEI5,Ierland's Eden,2,FEI 5 Year Old,No,1144998,8.848
2022,FEI5,MW Furstencharmant,3,FEI 6 Year Old,No,1133722,8.792
2022,FEI5,MSJ For VIPs,4,FEI 6 Year Old,No,1151447,8.668
2022,FEI5,Maximus,5,FEI 5 Year Old,No,1147948,8.280
2022,FEI5,Fontenay,6,FEI 6 Year Old,No,1147538,8.184
2022,FEI5,Manhattan,7,Third Level,No,1145798,7.868
2022,FEI5,Mondriaan Lynn,8,Third Level,No,1145535,7.716
2022,FEI5,Don Hannes,9,Third Level,No,1146255,7.632
2022,FEI5,Fernando,10,Second Level,No,1153073,7.616
2022,FEI5,Saint De Luce,11,FEI 5 Year Old,No,1144881,7.356
2022,FEI5,Masterful Dream,12,Third Level,No,1144580,7.300
2022,FEI5,Mulana,13,Third Level,No,1150315,6.980
2022,USEF4,Furst Dream,1,FEI 5 Year Old,No,1150621,9.292
2022,USEF4,Ice Princess,2,FEI 5 Year Old,No,1149572,8.976
2022,USEF4,For Edition,3,FEI 5 Year Old,No,1151702,8.604
2022,USEF4,Nobility LH,4,First Level,No,1152018,8.372
2022,USEF4,Superior 9,5,FEI 5 Year Old,No,1152807,8.256
2022,USEF4,Vholt,6,FEI 5 Year Old,No,1151288,8.152
2022,USEF4,Baileys H,7,Second Level,No,1151914,8.036
2022,USEF4,Candoit's Secret Weapon,8,FEI 5 Year Old,No,1149964,7.920
2022,USEF4,Donosti M.R.,9,First Level,No,11507,7.832
2022,USEF4,Niro M,10,Second Level,No,1152017,7.720
2022,USEF4,Sir Real,11,FEI 5 Year Old,No,1152610,7.620
2022,USEF4,MSJ Simon Sez,12,FEI 5 Year Old,No,1146580,7.538
2022,USEF4,Fantastic M.R.,13,First Level,No,1150825,2.976
2023,DHGP,Sole Mio,1,Grand Prix,Yes,1129247,69.643
2023,DHGP,Inxs,2,I-2,Yes,1123886,68.855
2023,DHGP,Infinity,3,I-2,Yes,1129840,67.648
2023,DHGP,Spirit of Joy,4,I-2,No,1135952,66.929
2023,DHGP,Iquem,5,I-2,Yes,1123765,65.955
2023,DHGP,Destar,6,I-2,Yes,1150126,65.952
2023,DHGP,Irintha,7,I-2,Yes,1131348,63.750
2023,DHGP,Tripple X,8,I-2,No,1150140,63.623
2023,DHGP,Ronin,9,I-2,No,1117796,62.867
2023,DHGP,Incredible Jacky,10,I-2,No,1136100,56.128
2023,DHGP,WEC's Senor Rubinstein,11,Grand Prix,Yes,1124842,38.750
2023,DHPSG,Sonnenberg's Jersey,1,I-1,No,1158661,71.999
2023,DHPSG,Delilah,2,Prix St. Georges,No,1135525,71.552
2023,DHPSG,Gremlin 41,3,Prix St. Georges,No,1150546,70.707
2023,DHPSG,Runehojs Shiva,4,Prix St. Georges,No,1151430,69.191
2023,DHPSG,Vioretta,5,Prix St. Georges,No,1150417,68.052
2023,DHPSG,Jim,6,Prix St. Georges,No,1129586,67.494
2023,DHPSG,Furst Romanov,7,I-1,Yes,1144894,66.455
2023,DHPSG,MW Weissgold,8,Prix St. Georges,No,1141945,65.726
2023,DHPSG,Altitude's Sonegro PS,9,Prix St. Georges,No,1142746,63.802
2023,DHPSG,Giovanni-Bell,10,Prix St. Georges,No,1157255,43.333
2023,DHPSG,S Express,11,Prix St. Georges,No,1158953,39.778
2023,DHPSG,Der Fiete,12,I-2,No,1140436,38.361
2023,FEI7,Gorgeous Latino,1,Fourth Level,No,1148155,76.043
2023,FEI7,Lord Hennessy,2,Fourth Level,No,1142015,75.033
2023,FEI7,Lionell VE,3,FEI 7 Year Old,No,1149470,74.720
2023,FEI7,Lion Heart,4,FEI 7 Year Old,No,1148679,74.390
2023,FEI7,Lion King,5,FEI 7 Year Old,No,1156750,74.334
2023,FEI7,Leviathan,6,Fourth Level,No,1140184,72.717
2023,FEI7,Franzsis HSR,7,Prix St. Georges,No,1141869,72.522
2023,FEI7,L Primo DG,8,Fourth Level,No,1144607,71.816
2023,FEI7,Luck Pleasure D,9,Fourth Level,No,1155972,70.843
2023,FEI7,Winterfel,10,Fourth Level,No,1146047,70.694
2023,FEI7,Legatus SDM,11,FEI 7 Year Old,No,1150451,70.663
2023,FEI7,Leeloo Dallas,12,Prix St. Georges,No,1137768,69.212
2023,FEI7,Lets Dance,13,Fourth Level,No,1149963,69.004
2023,FEI7,Quilana CF,14,Prix St. Georges,No,1149108,66.837
2023,FEI6,Fontenay,1,FEI 6 Year Old,No,1147538,8.788
2023,FEI6,G.Q.,2,FEI 6 Year Old,No,1156045,8.536
2023,FEI6,MW Furstencharmant,3,FEI 6 Year Old,No,1133722,8.080
2023,FEI6,Maebria DG,4,Third Level,No,1145363,7.976
2023,FEI6,Franeur,5,FEI 6 Year Old,No,1157781,7.948
2023,FEI6,Magnifico,6,FEI 6 Year Old,No,1151133,7.840
2023,FEI6,Scintillating RH,7,Third Level,No,1150156,7.732
2023,FEI6,Masterful Dream,8,Third Level,No,1144580,7.688
2023,FEI6,Hosanna,9,Third Level,No,1146135,7.668
2023,FEI6,Mojito,10,Fourth Level,No,1145237,7.620
2023,FEI6,Don Hannes,11,Third Level,No,1146255,7.584
2023,FEI6,Dreamliner,12,Fourth Level,No,1141549,7.260
2023,FEI6,Dante Rubin M.R.,13,Fourth Level,No,1146715,4.668
2023,FEI6,Strike,14,FEI 6 Year Old,No,1158656,3.064
2023,FEI6,Makanabria DG,15,Third Level,No,1145365,2.912
2023,FEI5,Lindholm's Quick Step,1,FEI 5 Year Old,No,1157309,8.528
2023,FEI5,For Edition,2,FEI 5 Year Old,No,1151702,8.108
2023,FEI5,Candoit's Secret Weapon,3,FEI 5 Year Old,No,1149964,8.076
2023,FEI5,Nero,4,FEI 5 Year Old,No,1150691,8.066
2023,FEI5,Saskatoon OMF,5,Second Level,No,1148307,8.040
2023,FEI5,Figardo,6,FEI 5 Year Old,No,1154513,7.982
2023,FEI5,Vholt,7,FEI 5 Year Old,No,1151288,7.936
2023,FEI5,Bailey's on Ice,8,FEI 5 Year Old,No,1159749,7.676
2023,FEI5,Baileys H,9,Second Level,No,1151914,7.672
2023,FEI5,Bondi Blue,10,FEI 5 Year Old,No,1152260,7.652
2023,FEI5,New Adventure DG,11,Second Level,No,1152524,7.596
2023,FEI5,Sir Real,12,FEI 5 Year Old,No,1152610,7.516
2023,FEI5,Niro M,13,Second Level,No,1152017,7.264
2023,FEI5,Superior 9,14,FEI 5 Year Old,No,1152807,3.432
2023,FEI5,Notilas MVS,15,Second Level,No,1153400,3.144
2023,USEF4,Zapatero,1,USEF 4 Year Old,No,1158280,8.904
2023,USEF4,Deambulo PWD,2,USEF 4 Year Old,No,1158399,8.788
2023,USEF4,MW One More Dream,3,USEF 4 Year Old,No,1159260,8.564
2023,USEF4,Serupgaards Cezanne,4,First Level,No,1157634,8.424
2023,USEF4,MW Mastermind,5,USEF 4 Year Old,No,1159259,8.404
2023,USEF4,Oxford B,6,USEF 4 Year Old,No,1155240,8.180
2023,USEF4,Denmark HTF,7,USEF 4 Year Old,No,1154652,8.084
2023,USEF4,Dromanov M.R.,8,USEF 4 Year Old,No,1158023,8.080
2023,USEF4,Francetto,9,USEF 4 Year Old,No,1159228,7.956
2023,USEF4,Splendido,10,USEF 4 Year Old,No,1152094,7.952
2023,USEF4,Osiris,11,USEF 4 Year Old,No,1155974,7.820
2023,USEF4,Executive Pumpking,12,First Level,No,1155930,7.732
2023,USEF4,Zooey,13,First Level,No,1158014,7.640
2023,USEF4,Best Friend,14,USEF 4 Year Old,No,1159115,7.460
2023,USEF4,Oscar HF,15,First Level,No,1156646,7.196
2023,USEF4,Maisie CF,16,USEF 4 Year Old,No,1149166,2.904